0,1,2,3,4,5,6,7,8,9,10,11,12,13,14,15,16,17,18,19
0.32982168,0.645787,1.2072506,-1.4451469,1.5790437,0.32982168,0.645787,1.2072506,-1.4451469,1.5790437,0.32982168,0.645787,1.2072506,-1.4451469,1.5790437,0.32982168,0.645787,1.2072506,-1.4451469,1.5790437
1.4047519,1.7043173,1.4252886,1.4372853,-0.46915412,1.4047519,1.7043173,1.4252886,1.4372853,-0.46915412,1.4047519,1.7043173,1.4252886,1.4372853,-0.46915412,1.4047519,1.7043173,1.4252886,1.4372853,-0.46915412
0.25019723,0.85353595,0.8306394,0.9733322,0.26530066,0.25019723,0.85353595,0.8306394,0.9733322,0.26530066,0.25019723,0.85353595,0.8306394,0.9733322,0.26530066,0.25019723,0.85353595,0.8306394,0.9733322,0.26530066
-0.72520244,0.48750213,-0.70553756,0.14413935,-0.7691427,-0.72520244,0.48750213,-0.70553756,0.14413935,-0.7691427,-0.72520244,0.48750213,-0.70553756,0.14413935,-0.7691427,-0.72520244,0.48750213,-0.70553756,0.14413935,-0.7691427
0.8871929,-0.9667405,-0.110888414,1.2596011,1.6411103,0.8871929,-0.9667405,-0.110888414,1.2596011,1.6411103,0.8871929,-0.9667405,-0.110888414,1.2596011,1.6411103,0.8871929,-0.9667405,-0.110888414,1.2596011,1.6411103
0.9369582,1.1107489,-1.3299192,-1.5241177,-0.23123215,0.9369582,1.1107489,-1.3299192,-1.5241177,-0.23123215,0.9369582,1.1107489,-1.3299192,-1.5241177,-0.23123215,0.9369582,1.1107489,-1.3299192,-1.5241177,-0.23123215
0.22033805,-1.5800945,-0.3091048,-0.9614511,0.9273444,0.22033805,-1.5800945,-0.3091048,-0.9614511,0.9273444,0.22033805,-1.5800945,-0.3091048,-0.9614511,0.9273444,0.22033805,-1.5800945,-0.3091048,-0.9614511,0.9273444
1.0165826,0.9128928,1.0090342,-0.22110036,1.4031883,1.0165826,0.9128928,1.0090342,-0.22110036,1.4031883,1.0165826,0.9128928,1.0090342,-0.22110036,1.4031883,1.0165826,0.9128928,1.0090342,-0.22110036,1.4031883
0.5089767,-0.6501707,-1.121792,1.457028,1.1238886,0.5089767,-0.6501707,-1.121792,1.457028,1.1238886,0.5089767,-0.6501707,-1.121792,1.457028,1.1238886,0.5089767,-0.6501707,-1.121792,1.457028,1.1238886
0.4691645,0.98214245,1.0982316,-1.563603,-1.1311978,0.4691645,0.98214245,1.0982316,-1.563603,-1.1311978,0.4691645,0.98214245,1.0982316,-1.563603,-1.1311978,0.4691645,0.98214245,1.0982316,-1.563603,-1.1311978
-1.4517757,-1.1843822,1.6036834,0.015811883,-0.9449981,-1.4517757,-1.1843822,1.6036834,0.015811883,-0.9449981,-1.4517757,-1.1843822,1.6036834,0.015811883,-0.9449981,-1.4517757,-1.1843822,1.6036834,0.015811883,-0.9449981
0.090948306,0.05221862,-1.0623271,-1.2378488,-0.5001874,0.090948306,0.05221862,-1.0623271,-1.2378488,-0.5001874,0.090948306,0.05221862,-1.0623271,-1.2378488,-0.5001874,0.090948306,0.05221862,-1.0623271,-1.2378488,-0.5001874
-0.2673618,-1.4910592,0.2954552,1.2990866,-1.2863643,-0.2673618,-1.4910592,0.2954552,1.2990866,-1.2863643,-0.2673618,-1.4910592,0.2954552,1.2990866,-1.2863643,-0.2673618,-1.4910592,0.2954552,1.2990866,-1.2863643
-1.1332778,1.5856037,-0.06133432,-0.80350965,0.42046714,-1.1332778,1.5856037,-0.06133432,-0.80350965,0.42046714,-1.1332778,1.5856037,-0.06133432,-0.80350965,0.42046714,-1.1332778,1.5856037,-0.06133432,-0.80350965,0.42046714
-1.4318695,-1.2338463,-1.3596517,1.6248409,0.35840055,-1.4318695,-1.2338463,-1.3596517,1.6248409,0.35840055,-1.4318695,-1.2338463,-1.3596517,1.6248409,0.35840055,-1.4318695,-1.2338463,-1.3596517,1.6248409,0.35840055
0.11085442,0.3490028,-1.0920595,1.3583146,-0.045032352,0.11085442,0.3490028,-1.0920595,1.3583146,-0.045032352,0.11085442,0.3490028,-1.0920595,1.3583146,-0.045032352,0.11085442,0.3490028,-1.0920595,1.3583146,-0.045032352
-0.3569393,-1.3822384,1.346002,0.26259547,-0.80017596,-0.3569393,-1.3822384,1.346002,0.26259547,-0.80017596,-0.3569393,-1.3822384,1.346002,0.26259547,-0.80017596,-0.3569393,-1.3822384,1.346002,0.26259547,-0.80017596
-0.39675152,0.7743935,-1.0821487,1.3978,1.3721551,-0.39675152,0.7743935,-1.0821487,1.3978,1.3721551,-0.39675152,0.7743935,-1.0821487,1.3978,1.3721551,-0.39675152,0.7743935,-1.0821487,1.3978,1.3721551
-1.2228553,-0.17531593,0.06750633,0.509379,0.6273558,-1.2228553,-0.17531593,0.06750633,0.509379,0.6273558,-1.2228553,-0.17531593,0.06750633,0.509379,0.6273558,-1.2228553,-0.17531593,0.06750633,0.509379,0.6273558
1.1360193,0.9722496,-1.666887,-0.29019976,-1.3794643,1.1360193,0.9722496,-1.666887,-0.29019976,-1.3794643,1.1360193,0.9722496,-1.666887,-0.29019976,-1.3794643,1.1360193,0.9722496,-1.666887,-0.29019976,-1.3794643
-1.2527145,-0.06649506,0.22607943,0.6969346,-1.2967088,-1.2527145,-0.06649506,0.22607943,0.6969346,-1.2967088,-1.2527145,-0.06649506,0.22607943,0.6969346,-1.2967088,-1.2527145,-0.06649506,0.22607943,0.6969346,-1.2967088
-0.46642292,-0.35338646,0.11706042,-0.7442816,-1.1932645,-0.46642292,-0.35338646,0.11706042,-0.7442816,-1.1932645,-0.46642292,-0.35338646,0.11706042,-0.7442816,-1.1932645,-0.46642292,-0.35338646,0.11706042,-0.7442816,-1.1932645
-0.22754955,-1.0162045,-1.4686707,-0.50736934,1.4549105,-0.22754955,-1.0162045,-1.4686707,-0.50736934,1.4549105,-0.22754955,-1.0162045,-1.4686707,-0.50736934,1.4549105,-0.22754955,-1.0162045,-1.4686707,-0.50736934,1.4549105
-0.6157188,1.6944245,-0.19017498,-0.30994245,-0.7484538,-0.6157188,1.6944245,-0.19017498,-0.30994245,-0.7484538,-0.6157188,1.6944245,-0.19017498,-0.30994245,-0.7484538,-0.6157188,1.6944245,-0.19017498,-0.30994245,-0.7484538
-1.3422921,1.1305345,1.5243968,1.0917883,0.25495622,-1.3422921,1.1305345,1.5243968,1.0917883,0.25495622,-1.3422921,1.1305345,1.5243968,1.0917883,0.25495622,-1.3422921,1.1305345,1.5243968,1.0917883,0.25495622
0.20043193,1.6053892,-0.28928316,1.6840689,-1.3380865,0.20043193,1.6053892,-0.28928316,1.6840689,-1.3380865,0.20043193,1.6053892,-0.28928316,1.6840689,-1.3380865,0.20043193,1.6053892,-0.28928316,1.6840689,-1.3380865
0.30991557,0.44793087,1.5838617,-1.7412872,-1.6380751,0.30991557,0.44793087,1.5838617,-1.7412872,-1.6380751,0.30991557,0.44793087,1.5838617,-1.7412872,-1.6380751,0.30991557,0.44793087,1.5838617,-1.7412872,-1.6380751
-1.6607898,-1.0260973,-0.83437824,-1.5142463,0.97906655,-1.6607898,-1.0260973,-0.83437824,-1.5142463,0.97906655,-1.6607898,-1.0260973,-0.83437824,-1.5142463,0.97906655,-1.6607898,-1.0260973,-0.83437824,-1.5142463,0.97906655
0.28005642,-1.451488,-0.903754,0.30208084,-0.18985443,0.28005642,-1.451488,-0.903754,0.30208084,-0.18985443,0.28005642,-1.451488,-0.903754,0.30208084,-0.18985443,0.28005642,-1.451488,-0.903754,0.30208084,-0.18985443
0.54878896,-0.22477996,-0.42803463,0.4304083,0.07910085,0.54878896,-0.22477996,-0.42803463,0.4304083,0.07910085,0.54878896,-0.22477996,-0.42803463,0.4304083,0.07910085,0.54878896,-0.22477996,-0.42803463,0.4304083,0.07910085
-1.1830431,-1.6295586,1.296448,-1.7116733,-1.4311864,-1.1830431,-1.6295586,1.296448,-1.7116733,-1.4311864,-1.1830431,-1.6295586,1.296448,-1.7116733,-1.4311864,-1.1830431,-1.6295586,1.296448,-1.7116733,-1.4311864
0.48907062,0.8733216,0.6026906,1.2299871,1.6928325,0.48907062,0.8733216,0.6026906,1.2299871,1.6928325,0.48907062,0.8733216,0.6026906,1.2299871,1.6928325,0.48907062,0.8733216,0.6026906,1.2299871,1.6928325
-1.7105552,0.69525105,-0.4181238,-0.6850535,1.3824995,-1.7105552,0.69525105,-0.4181238,-0.6850535,1.3824995,-1.7105552,0.69525105,-0.4181238,-0.6850535,1.3824995,-1.7105552,0.69525105,-0.4181238,-0.6850535,1.3824995
-0.32708013,-0.34349364,0.48376074,1.0819169,1.4859438,-0.32708013,-0.34349364,0.48376074,1.0819169,1.4859438,-0.32708013,-0.34349364,0.48376074,1.0819169,1.4859438,-0.32708013,-0.34349364,0.48376074,1.0819169,1.4859438
-1.4617287,0.8436431,0.92974764,1.0424316,-1.5346308,-1.4617287,0.8436431,0.92974764,1.0424316,-1.5346308,-1.4617287,0.8436431,0.92974764,1.0424316,-1.5346308,-1.4617287,0.8436431,0.92974764,1.0424316,-1.5346308
-1.6110246,0.062111422,-1.6867087,-0.06315886,0.24461178,-1.6110246,0.062111422,-1.6867087,-0.06315886,0.24461178,-1.6110246,0.062111422,-1.6867087,-0.06315886,0.24461178,-1.6110246,0.062111422,-1.6867087,-0.06315886,0.24461178
-1.5413531,-0.7392059,-1.1713461,1.0226889,1.6514547,-1.5413531,-0.7392059,-1.1713461,1.0226889,1.6514547,-1.5413531,-0.7392059,-1.1713461,1.0226889,1.6514547,-1.5413531,-0.7392059,-1.1713461,1.0226889,1.6514547
1.6535784,-0.2544584,0.6621555,-1.504375,1.3514662,1.6535784,-0.2544584,0.6621555,-1.504375,1.3514662,1.6535784,-0.2544584,0.6621555,-1.504375,1.3514662,1.6535784,-0.2544584,0.6621555,-1.504375,1.3514662
1.5739539,0.56664455,1.6829699,1.6741976,1.5997325,1.5739539,0.56664455,1.6829699,1.6741976,1.5997325,1.5739539,0.56664455,1.6829699,1.6741976,1.5997325,1.5739539,0.56664455,1.6829699,1.6741976,1.5997325
-1.5214471,1.1206417,0.28554437,-1.6820592,0.3377117,-1.5214471,1.1206417,0.28554437,-1.6820592,0.3377117,-1.5214471,1.1206417,0.28554437,-1.6820592,0.3377117,-1.5214471,1.1206417,0.28554437,-1.6820592,0.3377117
-0.5759066,-0.0071382234,-0.4577671,0.9042328,0.048067547,-0.5759066,-0.0071382234,-0.4577671,0.9042328,0.048067547,-0.5759066,-0.0071382234,-0.4577671,0.9042328,0.048067547,-0.5759066,-0.0071382234,-0.4577671,0.9042328,0.048067547
1.5341417,-0.44242173,-0.37848055,0.5192504,-1.4415308,1.5341417,-0.44242173,-0.37848055,0.5192504,-1.4415308,1.5341417,-0.44242173,-0.37848055,0.5192504,-1.4415308,1.5341417,-0.44242173,-0.37848055,0.5192504,-1.4415308
-0.27731484,-0.036816645,-1.3001868,-1.1193926,1.5686992,-0.27731484,-0.036816645,-1.3001868,-1.1193926,1.5686992,-0.27731484,-0.036816645,-1.3001868,-1.1193926,1.5686992,-0.27731484,-0.036816645,-1.3001868,-1.1193926,1.5686992
1.6834375,-1.2833103,-1.5479572,0.52912176,-1.1518867,1.6834375,-1.2833103,-1.5479572,0.52912176,-1.1518867,1.6834375,-1.2833103,-1.5479572,0.52912176,-1.1518867,1.6834375,-1.2833103,-1.5479572,0.52912176,-1.1518867
-0.45646986,1.4075332,0.14679289,-1.218106,-1.5553197,-0.45646986,1.4075332,0.14679289,-1.218106,-1.5553197,-0.45646986,1.4075332,0.14679289,-1.218106,-1.5553197,-0.45646986,1.4075332,0.14679289,-1.218106,-1.5553197
-1.4119635,1.724103,1.5937725,1.6939403,1.2893995,-1.4119635,1.724103,1.5937725,1.6939403,1.2893995,-1.4119635,1.724103,1.5937725,1.6939403,1.2893995,-1.4119635,1.724103,1.5937725,1.6939403,1.2893995
-0.40670457,0.54685897,0.27563354,1.1214024,0.5239115,-0.40670457,0.54685897,0.27563354,1.1214024,0.5239115,-0.40670457,0.54685897,0.27563354,1.1214024,0.5239115,-0.40670457,0.54685897,0.27563354,1.1214024,0.5239115
-1.3024797,-1.0557758,-1.4785815,-0.62582546,-0.37605423,-1.3024797,-1.0557758,-1.4785815,-0.62582546,-0.37605423,-1.3024797,-1.0557758,-1.4785815,-0.62582546,-0.37605423,-1.3024797,-1.0557758,-1.4785815,-0.62582546,-0.37605423
1.3947989,-0.36327925,-0.011780225,-0.46788394,0.6480447,1.3947989,-0.36327925,-0.011780225,-0.46788394,0.6480447,1.3947989,-0.36327925,-0.011780225,-0.46788394,0.6480447,1.3947989,-0.36327925,-0.011780225,-0.46788394,0.6480447
1.0464418,0.24018195,-1.5776896,1.1016597,0.5342559,1.0464418,0.24018195,-1.5776896,1.1016597,0.5342559,1.0464418,0.24018195,-1.5776896,1.1016597,0.5342559,1.0464418,0.24018195,-1.5776896,1.1016597,0.5342559
-1.2427614,-1.500952,1.187429,1.4767708,-0.38639864,-1.2427614,-1.500952,1.187429,1.4767708,-0.38639864,-1.2427614,-1.500952,1.187429,1.4767708,-0.38639864,-1.2427614,-1.500952,1.187429,1.4767708,-0.38639864
1.1260663,0.27975318,0.909926,-1.1983634,0.8963111,1.1260663,0.27975318,0.909926,-1.1983634,0.8963111,1.1260663,0.27975318,0.909926,-1.1983634,0.8963111,1.1260663,0.27975318,0.909926,-1.1983634,0.8963111
-0.43656376,0.46771652,0.84055024,1.5656128,0.21357848,-0.43656376,0.46771652,0.84055024,1.5656128,0.21357848,-0.43656376,0.46771652,0.84055024,1.5656128,0.21357848,-0.43656376,0.46771652,0.84055024,1.5656128,0.21357848
1.245503,0.5765374,-1.0722378,0.11452532,-0.4381208,1.245503,0.5765374,-1.0722378,0.11452532,-0.4381208,1.245503,0.5765374,-1.0722378,0.11452532,-0.4381208,1.245503,0.5765374,-1.0722378,0.11452532,-0.4381208
0.9469113,-0.580921,-0.26946154,-1.1391354,1.2480218,0.9469113,-0.580921,-0.26946154,-1.1391354,1.2480218,0.9469113,-0.580921,-0.26946154,-1.1391354,1.2480218,0.9469113,-0.580921,-0.26946154,-1.1391354,1.2480218
0.13076054,-1.1151326,1.4054669,-0.5468547,-0.3139876,0.13076054,-1.1151326,1.4054669,-0.5468547,-0.3139876,0.13076054,-1.1151326,1.4054669,-0.5468547,-0.3139876,0.13076054,-1.1151326,1.4054669,-0.5468547,-0.3139876
0.43930534,1.160213,-0.8641107,-0.18161498,0.9066555,0.43930534,1.160213,-0.8641107,-0.18161498,0.9066555,0.43930534,1.160213,-0.8641107,-0.18161498,0.9066555,0.43930534,1.160213,-0.8641107,-0.18161498,0.9066555
1.7132967,-0.4325289,0.2062578,-0.7738956,-0.47949857,1.7132967,-0.4325289,0.2062578,-0.7738956,-0.47949857,1.7132967,-0.4325289,0.2062578,-0.7738956,-0.47949857,1.7132967,-0.4325289,0.2062578,-0.7738956,-0.47949857
-0.07825368,1.2690338,1.3856453,0.88449013,0.20323405,-0.07825368,1.2690338,1.3856453,0.88449013,0.20323405,-0.07825368,1.2690338,1.3856453,0.88449013,0.20323405,-0.07825368,1.2690338,1.3856453,0.88449013,0.20323405
-0.9143105,0.66557264,-1.2209002,0.045425914,0.51356703,-0.9143105,0.66557264,-1.2209002,0.045425914,0.51356703,-0.9143105,0.66557264,-1.2209002,0.045425914,0.51356703,-0.9143105,0.66557264,-1.2209002,0.045425914,0.51356703
-0.4465168,-1.194275,-0.47758874,-0.033544835,1.5583549,-0.4465168,-1.194275,-0.47758874,-0.033544835,1.5583549,-0.4465168,-1.194275,-0.47758874,-0.033544835,1.5583549,-0.4465168,-1.194275,-0.47758874,-0.033544835,1.5583549
0.35968086,1.4273188,-1.4191166,-0.04341618,1.0928553,0.35968086,1.4273188,-1.4191166,-0.04341618,1.0928553,0.35968086,1.4273188,-1.4191166,-0.04341618,1.0928553,0.35968086,1.4273188,-1.4191166,-0.04341618,1.0928553
0.70803785,-1.5108448,0.5729581,-1.0206792,-0.77948713,0.70803785,-1.5108448,0.5729581,-1.0206792,-0.77948713,0.70803785,-1.5108448,0.5729581,-1.0206792,-0.77948713,0.70803785,-1.5108448,0.5729581,-1.0206792,-0.77948713
-1.1929961,-0.91727644,-0.8244674,-1.6228311,1.3411217,-1.1929961,-0.91727644,-0.8244674,-1.6228311,1.3411217,-1.1929961,-0.91727644,-0.8244674,-1.6228311,1.3411217,-1.1929961,-0.91727644,-0.8244674,-1.6228311,1.3411217
-0.14792508,-0.21488717,-0.7650025,-0.5369834,-0.7174205,-0.14792508,-0.21488717,-0.7650025,-0.5369834,-0.7174205,-0.14792508,-0.21488717,-0.7650025,-0.5369834,-0.7174205,-0.14792508,-0.21488717,-0.7650025,-0.5369834,-0.7174205
1.5640008,-1.6691297,1.6631483,1.4668994,0.13082302,1.5640008,-1.6691297,1.6631483,1.4668994,0.13082302,1.5640008,-1.6691297,1.6631483,1.4668994,0.13082302,1.5640008,-1.6691297,1.6631483,1.4668994,0.13082302
0.42935225,0.13136107,0.4044742,-1.6721878,1.061822,0.42935225,0.13136107,0.4044742,-1.6721878,1.061822,0.42935225,0.13136107,0.4044742,-1.6721878,1.061822,0.42935225,0.13136107,0.4044742,-1.6721878,1.061822
1.5241886,-0.75899154,1.455021,0.44027966,1.444566,1.5241886,-0.75899154,1.455021,0.44027966,1.444566,1.5241886,-0.75899154,1.455021,0.44027966,1.444566,1.5241886,-0.75899154,1.455021,0.44027966,1.444566
0.05113606,-1.2635247,-0.22981825,0.5883498,-0.40708753,0.05113606,-1.2635247,-0.22981825,0.5883498,-0.40708753,0.05113606,-1.2635247,-0.22981825,0.5883498,-0.40708753,0.05113606,-1.2635247,-0.22981825,0.5883498,-0.40708753
0.45921144,-1.2932031,-1.2010785,0.21323875,0.63770026,0.45921144,-1.2932031,-1.2010785,0.21323875,0.63770026,0.45921144,-1.2932031,-1.2010785,0.21323875,0.63770026,0.45921144,-1.2932031,-1.2010785,0.21323875,0.63770026
-1.0735594,-1.0359901,1.2667155,-1.6623166,-0.32433206,-1.0735594,-1.0359901,1.2667155,-1.6623166,-0.32433206,-1.0735594,-1.0359901,1.2667155,-1.6623166,-0.32433206,-1.0735594,-1.0359901,1.2667155,-1.6623166,-0.32433206
1.5142355,1.615282,1.5541292,-0.94170845,1.3100884,1.5142355,1.615282,1.5541292,-0.94170845,1.3100884,1.5142355,1.615282,1.5541292,-0.94170845,1.3100884,1.5142355,1.615282,1.5541292,-0.94170845,1.3100884
1.2554561,1.1404274,-1.5876005,1.1608877,-1.5139419,1.2554561,1.1404274,-1.5876005,1.1608877,-1.5139419,1.2554561,1.1404274,-1.5876005,1.1608877,-1.5139419,1.2554561,1.1404274,-1.5876005,1.1608877,-1.5139419
-0.6654841,-0.18520874,0.027863055,-1.7215446,0.679078,-0.6654841,-0.18520874,0.027863055,-1.7215446,0.679078,-0.6654841,-0.18520874,0.027863055,-1.7215446,0.679078,-0.6654841,-0.18520874,0.027863055,-1.7215446,0.679078
0.17057276,1.6647462,1.7027916,-0.41852722,0.38943386,0.17057276,1.6647462,1.7027916,-0.41852722,0.38943386,0.17057276,1.6647462,1.7027916,-0.41852722,0.38943386,0.17057276,1.6647462,1.7027916,-0.41852722,0.38943386
0.44925836,0.70514387,-0.5568753,-1.7018019,-1.731175,0.44925836,0.70514387,-0.5568753,-1.7018019,-1.731175,0.44925836,0.70514387,-0.5568753,-1.7018019,-1.731175,0.44925836,0.70514387,-0.5568753,-1.7018019,-1.731175
1.763062,-1.1052397,-0.7154484,0.57847846,0.02737868,1.763062,-1.1052397,-0.7154484,0.57847846,0.02737868,1.763062,-1.1052397,-0.7154484,0.57847846,0.02737868,1.763062,-1.1052397,-0.7154484,0.57847846,0.02737868
-1.1531839,1.5559253,1.4748427,1.368186,0.7204557,-1.1531839,1.5559253,1.4748427,1.368186,0.7204557,-1.1531839,1.5559253,1.4748427,1.368186,0.7204557,-1.1531839,1.5559253,1.4748427,1.368186,0.7204557
-0.12801898,-0.056602255,0.93965846,-0.37904185,-0.9863758,-0.12801898,-0.056602255,0.93965846,-0.37904185,-0.9863758,-0.12801898,-0.056602255,0.93965846,-0.37904185,-0.9863758,-0.12801898,-0.056602255,0.93965846,-0.37904185,-0.9863758
-0.02848839,-0.8084556,0.9793017,-0.90222305,-0.44846526,-0.02848839,-0.8084556,0.9793017,-0.90222305,-0.44846526,-0.02848839,-0.8084556,0.9793017,-0.90222305,-0.44846526,-0.02848839,-0.8084556,0.9793017,-0.90222305,-0.44846526
0.12080746,0.3292172,0.85046107,-0.09277289,0.14116745,0.12080746,0.3292172,0.85046107,-0.09277289,0.14116745,0.12080746,0.3292172,0.85046107,-0.09277289,0.14116745,0.12080746,0.3292172,0.85046107,-0.09277289,0.14116745
-1.700602,-0.94695485,0.96939087,-0.527112,-1.1415423,-1.700602,-0.94695485,0.96939087,-0.527112,-1.1415423,-1.700602,-0.94695485,0.96939087,-0.527112,-1.1415423,-1.700602,-0.94695485,0.96939087,-0.527112,-1.1415423
-0.008582277,-1.6394514,-1.7164412,1.2497299,-0.562254,-0.008582277,-1.6394514,-1.7164412,1.2497299,-0.562254,-0.008582277,-1.6394514,-1.7164412,1.2497299,-0.562254,-0.008582277,-1.6394514,-1.7164412,1.2497299,-0.562254
0.4193992,0.0027545837,0.17652534,0.7759053,0.44115603,0.4193992,0.0027545837,0.17652534,0.7759053,0.44115603,0.4193992,0.0027545837,0.17652534,0.7759053,0.44115603,0.4193992,0.0027545837,0.17652534,0.7759053,0.44115603
0.67817867,-1.5998801,-0.6956268,-0.63569677,-0.97603136,0.67817867,-1.5998801,-0.6956268,-0.63569677,-0.97603136,0.67817867,-1.5998801,-0.6956268,-0.63569677,-0.97603136,0.67817867,-1.5998801,-0.6956268,-0.63569677,-0.97603136
0.7876623,-1.2536318,-1.0524162,-1.0009365,-1.110509,0.7876623,-1.2536318,-1.0524162,-1.0009365,-1.110509,0.7876623,-1.2536318,-1.0524162,-1.0009365,-1.110509,0.7876623,-1.2536318,-1.0524162,-1.0009365,-1.110509
-0.65553105,0.8634288,0.12697124,0.20336741,-0.0036546206,-0.65553105,0.8634288,0.12697124,0.20336741,-0.0036546206,-0.65553105,0.8634288,0.12697124,0.20336741,-0.0036546206,-0.65553105,0.8634288,0.12697124,0.20336741,-0.0036546206
1.6137661,-0.531457,1.3261805,0.3613089,-0.24157658,1.6137661,-0.531457,1.3261805,0.3613089,-0.24157658,1.6137661,-0.531457,1.3261805,0.3613089,-0.24157658,1.6137661,-0.531457,1.3261805,0.3613089,-0.24157658
1.2355499,0.51718056,1.6433266,-0.40865588,-0.8622426,1.2355499,0.51718056,1.6433266,-0.40865588,-0.8622426,1.2355499,0.51718056,1.6433266,-0.40865588,-0.8622426,1.2355499,0.51718056,1.6433266,-0.40865588,-0.8622426
1.5839069,-1.4317024,-1.5281357,0.9535895,1.7135214,1.5839069,-1.4317024,-1.5281357,0.9535895,1.7135214,1.5839069,-1.4317024,-1.5281357,0.9535895,1.7135214,1.5839069,-1.4317024,-1.5281357,0.9535895,1.7135214
1.753109,-1.1645966,-0.96321887,-1.0601646,1.0825108,1.753109,-1.1645966,-0.96321887,-1.0601646,1.0825108,1.753109,-1.1645966,-0.96321887,-1.0601646,1.0825108,1.753109,-1.1645966,-0.96321887,-1.0601646,1.0825108
0.210385,1.1503202,-0.53705364,1.1510164,0.59632254,0.210385,1.1503202,-0.53705364,1.1510164,0.59632254,0.210385,1.1503202,-0.53705364,1.1510164,0.59632254,0.210385,1.1503202,-0.53705364,1.1510164,0.59632254
-0.74510854,1.0711777,1.0486774,-0.0039308043,-0.07606565,-0.74510854,1.0711777,1.0486774,-0.0039308043,-0.07606565,-0.74510854,1.0711777,1.0486774,-0.0039308043,-0.07606565,-0.74510854,1.0711777,1.0486774,-0.0039308043,-0.07606565
-1.0237942,0.8931072,0.16661453,-0.023673492,-1.7725527,-1.0237942,0.8931072,0.16661453,-0.023673492,-1.7725527,-1.0237942,0.8931072,0.16661453,-0.023673492,-1.7725527,-1.0237942,0.8931072,0.16661453,-0.023673492,-1.7725527
-0.67543715,-1.6790226,-0.79473495,-1.0108079,-1.1725756,-0.67543715,-1.6790226,-0.79473495,-1.0108079,-1.1725756,-0.67543715,-1.6790226,-0.79473495,-1.0108079,-1.1725756,-0.67543715,-1.6790226,-0.79473495,-1.0108079,-1.1725756
-1.0138412,-1.4811665,-1.230811,0.9437182,0.08944528,-1.0138412,-1.4811665,-1.230811,0.9437182,0.08944528,-1.0138412,-1.4811665,-1.230811,0.9437182,0.08944528,-1.0138412,-1.4811665,-1.230811,0.9437182,0.08944528
1.4545172,0.8139647,1.5343076,1.6643262,1.1962997,1.4545172,0.8139647,1.5343076,1.6643262,1.1962997,1.4545172,0.8139647,1.5343076,1.6643262,1.1962997,1.4545172,0.8139647,1.5343076,1.6643262,1.1962997
0.19047886,-0.9766333,0.047684688,-0.23097171,-1.5242864,0.19047886,-0.9766333,0.047684688,-0.23097171,-1.5242864,0.19047886,-0.9766333,0.047684688,-0.23097171,-1.5242864,0.19047886,-0.9766333,0.047684688,-0.23097171,-1.5242864
-0.60576576,-1.4119167,-0.84428906,-0.9811938,-0.06572122,-0.60576576,-1.4119167,-0.84428906,-0.9811938,-0.06572122,-0.60576576,-1.4119167,-0.84428906,-0.9811938,-0.06572122,-0.60576576,-1.4119167,-0.84428906,-0.9811938,-0.06572122
-0.5858596,-0.81834835,1.3658236,-1.4254043,0.41012272,-0.5858596,-0.81834835,1.3658236,-1.4254043,0.41012272,-0.5858596,-0.81834835,1.3658236,-1.4254043,0.41012272,-0.5858596,-0.81834835,1.3658236,-1.4254043,0.41012272
-0.9441697,0.596323,0.67206633,-1.3859189,0.99975544,-0.9441697,0.596323,0.67206633,-1.3859189,0.99975544,-0.9441697,0.596323,0.67206633,-1.3859189,0.99975544,-0.9441697,0.596323,0.67206633,-1.3859189,0.99975544
-0.9242636,-1.1744894,0.55313647,-0.28032842,1.5066327,-0.9242636,-1.1744894,0.55313647,-0.28032842,1.5066327,-0.9242636,-1.1744894,0.55313647,-0.28032842,1.5066327,-0.9242636,-1.1744894,0.55313647,-0.28032842,1.5066327
-0.83468604,1.2393554,1.1180532,-0.81338096,0.27564508,-0.83468604,1.2393554,1.1180532,-0.81338096,0.27564508,-0.83468604,1.2393554,1.1180532,-0.81338096,0.27564508,-0.83468604,1.2393554,1.1180532,-0.81338096,0.27564508
1.4744233,0.6260014,-1.012773,0.89436144,-0.3036432,1.4744233,0.6260014,-1.012773,0.89436144,-0.3036432,1.4744233,0.6260014,-1.012773,0.89436144,-0.3036432,1.4744233,0.6260014,-1.012773,0.89436144,-0.3036432
0.9170521,-1.3921312,0.5134932,-0.7837669,-1.2242978,0.9170521,-1.3921312,0.5134932,-0.7837669,-1.2242978,0.9170521,-1.3921312,0.5134932,-0.7837669,-1.2242978,0.9170521,-1.3921312,0.5134932,-0.7837669,-1.2242978
1.7033436,1.0316064,-1.1317028,-0.8232523,0.19288962,1.7033436,1.0316064,-1.1317028,-0.8232523,0.19288962,1.7033436,1.0316064,-1.1317028,-0.8232523,0.19288962,1.7033436,1.0316064,-1.1317028,-0.8232523,0.19288962
0.9668174,1.3679619,1.3162695,0.18362471,-0.55190957,0.9668174,1.3679619,1.3162695,0.18362471,-0.55190957,0.9668174,1.3679619,1.3162695,0.18362471,-0.55190957,0.9668174,1.3679619,1.3162695,0.18362471,-0.55190957
-0.2574087,1.1701058,-0.16044252,-1.0897785,0.5652892,-0.2574087,1.1701058,-0.16044252,-1.0897785,0.5652892,-0.2574087,1.1701058,-0.16044252,-1.0897785,0.5652892,-0.2574087,1.1701058,-0.16044252,-1.0897785,0.5652892
-1.2726206,0.99203527,-0.54696447,1.0720457,1.0411332,-1.2726206,0.99203527,-0.54696447,1.0720457,1.0411332,-1.2726206,0.99203527,-0.54696447,1.0720457,1.0411332,-1.2726206,0.99203527,-0.54696447,1.0720457,1.0411332
0.10090135,-0.7194203,-1.2902759,1.1905018,0.82390004,0.10090135,-0.7194203,-1.2902759,1.1905018,0.82390004,0.10090135,-0.7194203,-1.2902759,1.1905018,0.82390004,0.10090135,-0.7194203,-1.2902759,1.1905018,0.82390004
0.8573337,0.38857403,-0.8046458,1.6149695,-1.4622197,0.8573337,0.38857403,-0.8046458,1.6149695,-1.4622197,0.8573337,0.38857403,-0.8046458,1.6149695,-1.4622197,0.8573337,0.38857403,-0.8046458,1.6149695,-1.4622197
0.49902368,0.50728774,-0.25955072,-0.2507144,0.95837766,0.49902368,0.50728774,-0.25955072,-0.2507144,0.95837766,0.49902368,0.50728774,-0.25955072,-0.2507144,0.95837766,0.49902368,0.50728774,-0.25955072,-0.2507144,0.95837766
-1.690649,-0.9073836,1.0585883,-1.129264,0.6894224,-1.690649,-0.9073836,1.0585883,-1.129264,0.6894224,-1.690649,-0.9073836,1.0585883,-1.129264,0.6894224,-1.690649,-0.9073836,1.0585883,-1.129264,0.6894224
-0.33703318,-0.64027786,0.58286893,-0.6554395,1.5169771,-0.33703318,-0.64027786,0.58286893,-0.6554395,1.5169771,-0.33703318,-0.64027786,0.58286893,-0.6554395,1.5169771,-0.33703318,-0.64027786,0.58286893,-0.6554395,1.5169771
0.75780314,-0.47210014,-0.3487481,0.8647474,0.7411446,0.75780314,-0.47210014,-0.3487481,0.8647474,0.7411446,0.75780314,-0.47210014,-0.3487481,0.8647474,0.7411446,0.75780314,-0.47210014,-0.3487481,0.8647474,0.7411446
-0.993935,-0.086280674,1.5045751,-0.11251558,-0.20019886,-0.993935,-0.086280674,1.5045751,-0.11251558,-0.20019886,-0.993935,-0.086280674,1.5045751,-0.11251558,-0.20019886,-0.993935,-0.086280674,1.5045751,-0.11251558,-0.20019886
-1.5314001,0.1808251,-0.051423505,0.134268,0.86527777,-1.5314001,0.1808251,-0.051423505,0.134268,0.86527777,-1.5314001,0.1808251,-0.051423505,0.134268,0.86527777,-1.5314001,0.1808251,-0.051423505,0.134268,0.86527777
-0.77496773,-1.6493441,-0.58660775,-1.6327025,1.1756108,-0.77496773,-1.6493441,-0.58660775,-1.6327025,1.1756108,-0.77496773,-1.6493441,-0.58660775,-1.6327025,1.1756108,-0.77496773,-1.6493441,-0.58660775,-1.6327025,1.1756108
-0.8844513,-1.6592369,-1.3100976,-0.58634007,-0.4277764,-0.8844513,-1.6592369,-1.3100976,-0.58634007,-0.4277764,-0.8844513,-1.6592369,-1.3100976,-0.58634007,-0.4277764,-0.8844513,-1.6592369,-1.3100976,-0.58634007,-0.4277764
0.39949307,0.1907179,-0.7749133,-0.4580126,-0.7381094,0.39949307,0.1907179,-0.7749133,-0.4580126,-0.7381094,0.39949307,0.1907179,-0.7749133,-0.4580126,-0.7381094,0.39949307,0.1907179,-0.7749133,-0.4580126,-0.7381094
0.8374276,-0.6996347,0.42429584,-0.013802148,-1.3070532,0.8374276,-0.6996347,0.42429584,-0.013802148,-1.3070532,0.8374276,-0.6996347,0.42429584,-0.013802148,-1.3070532,0.8374276,-0.6996347,0.42429584,-0.013802148,-1.3070532
-0.10811286,0.25007474,0.5333148,1.4175427,1.6307659,-0.10811286,0.25007474,0.5333148,1.4175427,1.6307659,-0.10811286,0.25007474,0.5333148,1.4175427,1.6307659,-0.10811286,0.25007474,0.5333148,1.4175427,1.6307659
0.38954005,0.7447151,0.7017988,-1.0799073,0.06875642,0.38954005,0.7447151,0.7017988,-1.0799073,0.06875642,0.38954005,0.7447151,0.7017988,-1.0799073,0.06875642,0.38954005,0.7447151,0.7017988,-1.0799073,0.06875642
0.80756843,-1.4613808,1.7127024,-1.5339891,1.2790551,0.80756843,-1.4613808,1.7127024,-1.5339891,1.2790551,0.80756843,-1.4613808,1.7127024,-1.5339891,1.2790551,0.80756843,-1.4613808,1.7127024,-1.5339891,1.2790551
-1.2825737,-0.20499437,-1.6966195,1.5754842,-1.6484195,-1.2825737,-0.20499437,-1.6966195,1.5754842,-1.6484195,-1.2825737,-0.20499437,-1.6966195,1.5754842,-1.6484195,-1.2825737,-0.20499437,-1.6966195,1.5754842,-1.6484195
0.29996252,-0.51167136,0.44411746,-0.122386925,-0.35536537,0.29996252,-0.51167136,0.44411746,-0.122386925,-0.35536537,0.29996252,-0.51167136,0.44411746,-0.122386925,-0.35536537,0.29996252,-0.51167136,0.44411746,-0.122386925,-0.35536537
0.9270052,-1.6097729,-1.0325947,0.766034,0.18254519,0.9270052,-1.6097729,-1.0325947,0.766034,0.18254519,0.9270052,-1.6097729,-1.0325947,0.766034,0.18254519,0.9270052,-1.6097729,-1.0325947,0.766034,0.18254519
1.5540478,-1.5504161,1.2568047,0.6574492,0.32736725,1.5540478,-1.5504161,1.2568047,0.6574492,0.32736725,1.5540478,-1.5504161,1.2568047,0.6574492,0.32736725,1.5540478,-1.5504161,1.2568047,0.6574492,0.32736725
-1.5612593,1.0909634,0.34500927,-0.35929918,-1.586353,-1.5612593,1.0909634,0.34500927,-0.35929918,-1.586353,-1.5612593,1.0909634,0.34500927,-0.35929918,-1.586353,-1.5612593,1.0909634,0.34500927,-0.35929918,-1.586353
0.18052582,1.1898913,-1.4488491,1.3385719,-0.8312093,0.18052582,1.1898913,-1.4488491,1.3385719,-0.8312093,0.18052582,1.1898913,-1.4488491,1.3385719,-0.8312093,0.18052582,1.1898913,-1.4488491,1.3385719,-0.8312093
0.27010334,-0.49188575,-0.5667861,-0.5764687,1.7031769,0.27010334,-0.49188575,-0.5667861,-0.5764687,1.7031769,0.27010334,-0.49188575,-0.5667861,-0.5764687,1.7031769,0.27010334,-0.49188575,-0.5667861,-0.5764687,1.7031769
0.66822565,-0.3929577,-0.685716,-1.1490066,-1.420842,0.66822565,-0.3929577,-0.685716,-1.1490066,-1.420842,0.66822565,-0.3929577,-0.685716,-1.1490066,-1.420842,0.66822565,-0.3929577,-0.685716,-1.1490066,-1.420842
-1.17309,-0.07638787,0.07741715,1.4076713,0.29633394,-1.17309,-0.07638787,0.07741715,1.4076713,0.29633394,-1.17309,-0.07638787,0.07741715,1.4076713,0.29633394,-1.17309,-0.07638787,0.07741715,1.4076713,0.29633394
1.3748927,-1.0063117,-0.75509167,-1.3266908,0.16185631,1.3748927,-1.0063117,-0.75509167,-1.3266908,0.16185631,1.3748927,-1.0063117,-0.75509167,-1.3266908,0.16185631,1.3748927,-1.0063117,-0.75509167,-1.3266908,0.16185631
1.7232498,1.2789266,-1.1019703,-0.85286635,0.23426735,1.7232498,1.2789266,-1.1019703,-0.85286635,0.23426735,1.7232498,1.2789266,-1.1019703,-0.85286635,0.23426735,1.7232498,1.2789266,-1.1019703,-0.85286635,0.23426735
-1.2328084,0.22039634,-0.1009776,0.87461877,-0.91396475,-1.2328084,0.22039634,-0.1009776,0.87461877,-0.91396475,-1.2328084,0.22039634,-0.1009776,0.87461877,-0.91396475,-1.2328084,0.22039634,-0.1009776,0.87461877,-0.91396475
0.9568643,0.022540199,-1.2407218,1.3780572,-1.6070418,0.9568643,0.022540199,-1.2407218,1.3780572,-1.6070418,0.9568643,0.022540199,-1.2407218,1.3780572,-1.6070418,0.9568643,0.022540199,-1.2407218,1.3780572,-1.6070418
-1.6010715,1.1008562,0.3648309,0.025683226,1.134233,-1.6010715,1.1008562,0.3648309,0.025683226,1.134233,-1.6010715,1.1008562,0.3648309,0.025683226,1.134233,-1.6010715,1.1008562,0.3648309,0.025683226,1.134233
1.1061602,-1.5306305,-1.5975113,0.09478263,1.2376773,1.1061602,-1.5306305,-1.5975113,0.09478263,1.2376773,1.1061602,-1.5306305,-1.5975113,0.09478263,1.2376773,1.1061602,-1.5306305,-1.5975113,0.09478263,1.2376773
0.5189298,-0.5908138,0.305366,-0.71466756,-0.09675452,0.5189298,-0.5908138,0.305366,-0.71466756,-0.09675452,0.5189298,-0.5908138,0.305366,-0.71466756,-0.09675452,0.5189298,-0.5908138,0.305366,-0.71466756,-0.09675452
-0.06830061,-0.48199296,1.1081424,-1.6425738,-0.6450095,-0.06830061,-0.48199296,1.1081424,-1.6425738,-0.6450095,-0.06830061,-0.48199296,1.1081424,-1.6425738,-0.6450095,-0.06830061,-0.48199296,1.1081424,-1.6425738,-0.6450095
0.31986862,-0.66006345,0.89010435,0.12439666,0.9376888,0.31986862,-0.66006345,0.89010435,0.12439666,0.9376888,0.31986862,-0.66006345,0.89010435,0.12439666,0.9376888,0.31986862,-0.66006345,0.89010435,0.12439666,0.9376888
-0.8744983,0.4578237,-1.4884924,-0.34942782,1.4652549,-0.8744983,0.4578237,-1.4884924,-0.34942782,1.4652549,-0.8744983,0.4578237,-1.4884924,-0.34942782,1.4652549,-0.8744983,0.4578237,-1.4884924,-0.34942782,1.4652549
-0.62567186,-1.2041678,-0.5271428,-0.3198138,0.7618334,-0.62567186,-1.2041678,-0.5271428,-0.3198138,0.7618334,-0.62567186,-1.2041678,-0.5271428,-0.3198138,0.7618334,-0.62567186,-1.2041678,-0.5271428,-0.3198138,0.7618334
0.29000944,1.0118209,1.2171614,0.2724668,-1.6691084,0.29000944,1.0118209,1.2171614,0.2724668,-1.6691084,0.29000944,1.0118209,1.2171614,0.2724668,-1.6691084,0.29000944,1.0118209,1.2171614,0.2724668,-1.6691084
0.5388359,1.6845317,0.2558119,1.2793438,-0.33467647,0.5388359,1.6845317,0.2558119,1.2793438,-0.33467647,0.5388359,1.6845317,0.2558119,1.2793438,-0.33467647,0.5388359,1.6845317,0.2558119,1.2793438,-0.33467647
-0.64557797,-1.3327743,-1.33983,-1.0700359,1.610077,-0.64557797,-1.3327743,-1.33983,-1.0700359,1.610077,-0.64557797,-1.3327743,-1.33983,-1.0700359,1.610077,-0.64557797,-1.3327743,-1.33983,-1.0700359,1.610077
-0.19769038,-1.144811,-0.6460727,-1.0996499,-0.03468792,-0.19769038,-1.144811,-0.6460727,-1.0996499,-0.03468792,-0.19769038,-1.144811,-0.6460727,-1.0996499,-0.03468792,-0.19769038,-1.144811,-0.6460727,-1.0996499,-0.03468792
-0.9342166,0.35889563,0.3152768,1.2102444,-0.93465364,-0.9342166,0.35889563,0.3152768,1.2102444,-0.93465364,-0.9342166,0.35889563,0.3152768,1.2102444,-0.93465364,-0.9342166,0.35889563,0.3152768,1.2102444,-0.93465364
0.69808483,1.3481764,1.732524,0.80551934,-0.84155375,0.69808483,1.3481764,1.732524,0.80551934,-0.84155375,0.69808483,1.3481764,1.732524,0.80551934,-0.84155375,0.69808483,1.3481764,1.732524,0.80551934,-0.84155375
1.4644703,0.9425712,0.9000152,0.47976503,1.5893881,1.4644703,0.9425712,0.9000152,0.47976503,1.5893881,1.4644703,0.9425712,0.9000152,0.47976503,1.5893881,1.4644703,0.9425712,0.9000152,0.47976503,1.5893881
-0.34698623,0.41825247,1.6334158,-0.49749798,1.0514776,-0.34698623,0.41825247,1.6334158,-0.49749798,1.0514776,-0.34698623,0.41825247,1.6334158,-0.49749798,1.0514776,-0.34698623,0.41825247,1.6334158,-0.49749798,1.0514776
-1.0536534,0.33911002,0.41438502,1.6445836,-0.48984298,-1.0536534,0.33911002,0.41438502,1.6445836,-0.48984298,-1.0536534,0.33911002,0.41438502,1.6445836,-0.48984298,-1.0536534,0.33911002,0.41438502,1.6445836,-0.48984298
-1.2626675,0.6556798,-1.557868,1.4471567,-0.5829429,-1.2626675,0.6556798,-1.557868,1.4471567,-0.5829429,-1.2626675,0.6556798,-1.557868,1.4471567,-0.5829429,-1.2626675,0.6556798,-1.557868,1.4471567,-0.5829429
-1.5911185,-1.1250254,0.19634698,-0.55672604,0.09978972,-1.5911185,-1.1250254,0.19634698,-0.55672604,0.09978972,-1.5911185,-1.1250254,0.19634698,-0.55672604,0.09978972,-1.5911185,-1.1250254,0.19634698,-0.55672604,0.09978972
-1.4418225,-0.1357447,-0.4974104,-1.2872055,0.8135556,-1.4418225,-0.1357447,-0.4974104,-1.2872055,0.8135556,-1.4418225,-0.1357447,-0.4974104,-1.2872055,0.8135556,-1.4418225,-0.1357447,-0.4974104,-1.2872055,0.8135556
-1.6408837,1.1799986,1.2369831,1.2398585,-0.10709895,-1.6408837,1.1799986,1.2369831,1.2398585,-0.10709895,-1.6408837,1.1799986,1.2369831,1.2398585,-0.10709895,-1.6408837,1.1799986,1.2369831,1.2398585,-0.10709895
-0.76501465,-0.9964189,0.8108178,0.70680594,0.3480561,-0.76501465,-0.9964189,0.8108178,0.70680594,0.3480561,-0.76501465,-0.9964189,0.8108178,0.70680594,0.3480561,-0.76501465,-0.9964189,0.8108178,0.70680594,0.3480561
1.066348,1.0810705,0.7117096,0.8153907,-0.13813226,1.066348,1.0810705,0.7117096,0.8153907,-0.13813226,1.066348,1.0810705,0.7117096,0.8153907,-0.13813226,1.066348,1.0810705,0.7117096,0.8153907,-0.13813226
-1.5513062,-0.7490987,1.3063588,0.61796385,-1.2139534,-1.5513062,-0.7490987,1.3063588,0.61796385,-1.2139534,-1.5513062,-0.7490987,1.3063588,0.61796385,-1.2139534,-1.5513062,-0.7490987,1.3063588,0.61796385,-1.2139534
0.7777093,0.95246404,1.4451102,0.6080925,0.39977828,0.7777093,0.95246404,1.4451102,0.6080925,0.39977828,0.7777093,0.95246404,1.4451102,0.6080925,0.39977828,0.7777093,0.95246404,1.4451102,0.6080925,0.39977828
-1.3124329,1.6746389,-0.32892644,0.71667725,-1.2760199,-1.3124329,1.6746389,-0.32892644,0.71667725,-1.2760199,-1.3124329,1.6746389,-0.32892644,0.71667725,-1.2760199,-1.3124329,1.6746389,-0.32892644,0.71667725,-1.2760199
1.2255969,-1.3723456,1.2468939,-0.15200096,-0.7898316,1.2255969,-1.3723456,1.2468939,-0.15200096,-0.7898316,1.2255969,-1.3723456,1.2468939,-0.15200096,-0.7898316,1.2255969,-1.3723456,1.2468939,-0.15200096,-0.7898316
0.031229949,1.2195698,1.7226132,0.75616264,-0.3967431,0.031229949,1.2195698,1.7226132,0.75616264,-0.3967431,0.031229949,1.2195698,1.7226132,0.75616264,-0.3967431,0.031229949,1.2195698,1.7226132,0.75616264,-0.3967431
-1.5811654,-1.5702016,-1.3794733,0.8548761,1.682488,-1.5811654,-1.5702016,-1.3794733,0.8548761,1.682488,-1.5811654,-1.5702016,-1.3794733,0.8548761,1.682488,-1.5811654,-1.5702016,-1.3794733,0.8548761,1.682488
-0.79487383,-0.9370621,0.39456338,0.42053697,1.4962882,-0.79487383,-0.9370621,0.39456338,0.42053697,1.4962882,-0.79487383,-0.9370621,0.39456338,0.42053697,1.4962882,-0.79487383,-0.9370621,0.39456338,0.42053697,1.4962882
-0.11806591,1.6350677,0.017952232,-1.5537317,0.6583891,-0.11806591,1.6350677,0.017952232,-1.5537317,0.6583891,-0.11806591,1.6350677,0.017952232,-1.5537317,0.6583891,-0.11806591,1.6350677,0.017952232,-1.5537317,0.6583891
0.26015028,-1.1349182,0.6225122,0.8351334,0.9687221,0.26015028,-1.1349182,0.6225122,0.8351334,0.9687221,0.26015028,-1.1349182,0.6225122,0.8351334,0.9687221,0.26015028,-1.1349182,0.6225122,0.8351334,0.9687221
0.7976154,0.7348223,1.4847535,1.3879286,0.6997669,0.7976154,0.7348223,1.4847535,1.3879286,0.6997669,0.7976154,0.7348223,1.4847535,1.3879286,0.6997669,0.7976154,0.7348223,1.4847535,1.3879286,0.6997669
0.40944615,0.8040719,-1.5182247,-0.99106514,-1.5966973,0.40944615,0.8040719,-1.5182247,-0.99106514,-1.5966973,0.40944615,0.8040719,-1.5182247,-0.99106514,-1.5966973,0.40944615,0.8040719,-1.5182247,-0.99106514,-1.5966973
1.3251275,-0.7787771,0.15670371,1.5359988,0.8549334,1.3251275,-0.7787771,0.15670371,1.5359988,0.8549334,1.3251275,-0.7787771,0.15670371,1.5359988,0.8549334,1.3251275,-0.7787771,0.15670371,1.5359988,0.8549334
0.97677046,1.2294626,0.7711745,0.5488644,-0.9036203,0.97677046,1.2294626,0.7711745,0.5488644,-0.9036203,0.97677046,1.2294626,0.7711745,0.5488644,-0.9036203,0.97677046,1.2294626,0.7711745,0.5488644,-0.9036203
1.3151743,-0.37317207,-1.5380464,1.111531,-0.36570978,1.3151743,-0.37317207,-1.5380464,1.111531,-0.36570978,1.3151743,-0.37317207,-1.5380464,1.111531,-0.36570978,1.3151743,-0.37317207,-1.5380464,1.111531,-0.36570978
1.1559255,1.2492483,-1.6173329,-0.7541529,0.11013415,1.1559255,1.2492483,-1.6173329,-0.7541529,0.11013415,1.1559255,1.2492483,-1.6173329,-0.7541529,0.11013415,1.1559255,1.2492483,-1.6173329,-0.7541529,0.11013415
-0.18773732,1.4965684,-0.17035334,0.92397547,0.7721779,-0.18773732,1.4965684,-0.17035334,0.92397547,0.7721779,-0.18773732,1.4965684,-0.17035334,0.92397547,0.7721779,-0.18773732,1.4965684,-0.17035334,0.92397547,0.7721779
0.9867235,-0.046709448,1.0288558,-0.44814125,-1.3898087,0.9867235,-0.046709448,1.0288558,-0.44814125,-1.3898087,0.9867235,-0.046709448,1.0288558,-0.44814125,-1.3898087,0.9867235,-0.046709448,1.0288558,-0.44814125,-1.3898087
1.4843764,0.9326784,1.018945,-0.76402426,-0.82086486,1.4843764,0.9326784,1.018945,-0.76402426,-0.82086486,1.4843764,0.9326784,1.018945,-0.76402426,-0.82086486,1.4843764,0.9326784,1.018945,-0.76402426,-0.82086486
1.0364888,1.4471043,1.2270722,0.73642,-1.0794756,1.0364888,1.4471043,1.2270722,0.73642,-1.0794756,1.0364888,1.4471043,1.2270722,0.73642,-1.0794756,1.0364888,1.4471043,1.2270722,0.73642,-1.0794756
0.65827256,-0.89749086,-0.8145566,-0.17174365,-0.51053184,0.65827256,-0.89749086,-0.8145566,-0.17174365,-0.51053184,0.65827256,-0.89749086,-0.8145566,-0.17174365,-0.51053184,0.65827256,-0.89749086,-0.8145566,-0.17174365,-0.51053184
-1.6508368,0.15114668,-1.4290274,-1.2082347,1.7238657,-1.6508368,0.15114668,-1.4290274,-1.2082347,1.7238657,-1.6508368,0.15114668,-1.4290274,-1.2082347,1.7238657,-1.6508368,0.15114668,-1.4290274,-1.2082347,1.7238657
0.897146,-1.7185938,0.5630473,-0.21122901,0.84458894,0.897146,-1.7185938,0.5630473,-0.21122901,0.84458894,0.897146,-1.7185938,0.5630473,-0.21122901,0.84458894,0.897146,-1.7185938,0.5630473,-0.21122901,0.84458894
-1.2925267,0.6062158,-1.6569762,0.7265486,-1.255331,-1.2925267,0.6062158,-1.6569762,0.7265486,-1.255331,-1.2925267,0.6062158,-1.6569762,0.7265486,-1.255331,-1.2925267,0.6062158,-1.6569762,0.7265486,-1.255331
0.33977473,-0.45231453,-0.46767792,1.5063847,-0.28295434,0.33977473,-0.45231453,-0.46767792,1.5063847,-0.28295434,0.33977473,-0.45231453,-0.46767792,1.5063847,-0.28295434,0.33977473,-0.45231453,-0.46767792,1.5063847,-0.28295434
-0.7550616,-1.0854541,-1.1118811,-0.47775528,1.0721664,-0.7550616,-1.0854541,-1.1118811,-0.47775528,1.0721664,-0.7550616,-1.0854541,-1.1118811,-0.47775528,1.0721664,-0.7550616,-1.0854541,-1.1118811,-0.47775528,1.0721664
-0.17778426,-1.6988082,-0.9136648,0.49950773,-1.5449752,-0.17778426,-1.6988082,-0.9136648,0.49950773,-1.5449752,-0.17778426,-1.6988082,-0.9136648,0.49950773,-1.5449752,-0.17778426,-1.6988082,-0.9136648,0.49950773,-1.5449752
-0.5460474,-1.5603089,0.21616863,-0.3395565,0.12047858,-0.5460474,-1.5603089,0.21616863,-0.3395565,0.12047858,-0.5460474,-1.5603089,0.21616863,-0.3395565,0.12047858,-0.5460474,-1.5603089,0.21616863,-0.3395565,0.12047858
-1.6209776,0.5864302,-1.6272438,0.32182354,-0.25192103,-1.6209776,0.5864302,-1.6272438,0.32182354,-0.25192103,-1.6209776,0.5864302,-1.6272438,0.32182354,-0.25192103,-1.6209776,0.5864302,-1.6272438,0.32182354,-0.25192103
0.72794396,1.6548533,0.43420663,-1.2477201,-0.2726099,0.72794396,1.6548533,0.43420663,-1.2477201,-0.2726099,0.72794396,1.6548533,0.43420663,-1.2477201,-0.2726099,0.72794396,1.6548533,0.43420663,-1.2477201,-0.2726099
-1.3821043,-0.54134977,-0.9334864,0.66732055,0.4721893,-1.3821043,-0.54134977,-0.9334864,0.66732055,0.4721893,-1.3821043,-0.54134977,-0.9334864,0.66732055,0.4721893,-1.3821043,-0.54134977,-0.9334864,0.66732055,0.4721893
1.3052213,0.11157546,0.64233387,-1.3563049,-0.6553539,1.3052213,0.11157546,0.64233387,-1.3563049,-0.6553539,1.3052213,0.11157546,0.64233387,-1.3563049,-0.6553539,1.3052213,0.11157546,0.64233387,-1.3563049,-0.6553539
-0.5360943,-1.243739,0.691888,0.96346086,1.6204214,-0.5360943,-1.243739,0.691888,0.96346086,1.6204214,-0.5360943,-1.243739,0.691888,0.96346086,1.6204214,-0.5360943,-1.243739,0.691888,0.96346086,1.6204214
1.2853152,1.3086051,0.80090696,-1.2674627,1.3204329,1.2853152,1.3086051,0.80090696,-1.2674627,1.3204329,1.2853152,1.3086051,0.80090696,-1.2674627,1.3204329,1.2853152,1.3086051,0.80090696,-1.2674627,1.3204329
-0.5958127,-0.8480268,-1.6767979,0.93384683,-1.3277421,-0.5958127,-0.8480268,-1.6767979,0.93384683,-1.3277421,-0.5958127,-0.8480268,-1.6767979,0.93384683,-1.3277421,-0.5958127,-0.8480268,-1.6767979,0.93384683,-1.3277421
1.6635314,-0.8777052,-0.6163402,0.37118024,0.17220075,1.6635314,-0.8777052,-0.6163402,0.37118024,0.17220075,1.6635314,-0.8777052,-0.6163402,0.37118024,0.17220075,1.6635314,-0.8777052,-0.6163402,0.37118024,0.17220075
-0.71524936,1.7339958,-0.29919398,-0.842995,0.45150045,-0.71524936,1.7339958,-0.29919398,-0.842995,0.45150045,-0.71524936,1.7339958,-0.29919398,-0.842995,0.45150045,-0.71524936,1.7339958,-0.29919398,-0.842995,0.45150045
-1.0934656,0.1709323,-0.63616186,1.2201158,-1.2346421,-1.0934656,0.1709323,-0.63616186,1.2201158,-1.2346421,-1.0934656,0.1709323,-0.63616186,1.2201158,-1.2346421,-1.0934656,0.1709323,-0.63616186,1.2201158,-1.2346421
-1.680696,0.40835965,-0.48749956,0.31195217,1.4135327,-1.680696,0.40835965,-0.48749956,0.31195217,1.4135327,-1.680696,0.40835965,-0.48749956,0.31195217,1.4135327,-1.680696,0.40835965,-0.48749956,0.31195217,1.4135327
-1.4020103,0.14125387,-1.4587599,-0.32968515,-0.6243206,-1.4020103,0.14125387,-1.4587599,-0.32968515,-0.6243206,-1.4020103,0.14125387,-1.4587599,-0.32968515,-0.6243206,-1.4020103,0.14125387,-1.4587599,-0.32968515,-0.6243206
1.6237192,0.49739492,1.6532375,1.5853555,-0.9553425,1.6237192,0.49739492,1.6532375,1.5853555,-0.9553425,1.6237192,0.49739492,1.6532375,1.5853555,-0.9553425,1.6237192,0.49739492,1.6532375,1.5853555,-0.9553425
-1.4816349,1.5262468,-0.021691049,0.28233814,0.22392291,-1.4816349,1.5262468,-0.021691049,0.28233814,0.22392291,-1.4816349,1.5262468,-0.021691049,0.28233814,0.22392291,-1.4816349,1.5262468,-0.021691049,0.28233814,0.22392291
0.3497278,0.6853582,0.087327965,-1.3168194,1.537666,0.3497278,0.6853582,0.087327965,-1.3168194,1.537666,0.3497278,0.6853582,0.087327965,-1.3168194,1.537666,0.3497278,0.6853582,0.087327965,-1.3168194,1.537666
-0.5560005,0.92278564,0.6126014,-0.14212961,-0.68638724,-0.5560005,0.92278564,0.6126014,-0.14212961,-0.68638724,-0.5560005,0.92278564,0.6126014,-0.14212961,-0.68638724,-0.5560005,0.92278564,0.6126014,-0.14212961,-0.68638724
0.1606197,0.30943158,1.0387666,0.16388203,-0.85189813,0.1606197,0.30943158,1.0387666,0.16388203,-0.85189813,0.1606197,0.30943158,1.0387666,0.16388203,-0.85189813,0.1606197,0.30943158,1.0387666,0.16388203,-0.85189813
-0.21759649,0.7842863,-1.3200084,-1.7314159,1.5273216,-0.21759649,0.7842863,-1.3200084,-1.7314159,1.5273216,-0.21759649,0.7842863,-1.3200084,-1.7314159,1.5273216,-0.21759649,0.7842863,-1.3200084,-1.7314159,1.5273216
0.8473807,0.4776093,-1.726352,1.0621743,0.49287817,0.8473807,0.4776093,-1.726352,1.0621743,0.49287817,0.8473807,0.4776093,-1.726352,1.0621743,0.49287817,0.8473807,0.4776093,-1.726352,1.0621743,0.49287817
1.0962071,-0.11595909,-1.4984032,0.7462913,-0.6967317,1.0962071,-0.11595909,-1.4984032,0.7462913,-0.6967317,1.0962071,-0.11595909,-1.4984032,0.7462913,-0.6967317,1.0962071,-0.11595909,-1.4984032,0.7462913,-0.6967317
-0.5062352,1.3283907,-1.4389383,1.486642,-1.7104862,-0.5062352,1.3283907,-1.4389383,1.486642,-1.7104862,-0.5062352,1.3283907,-1.4389383,1.486642,-1.7104862,-0.5062352,1.3283907,-1.4389383,1.486642,-1.7104862
-0.9541227,0.16103949,1.623505,-1.5833458,-0.08641009,-0.9541227,0.16103949,1.623505,-1.5833458,-0.08641009,-0.9541227,0.16103949,1.623505,-1.5833458,-0.08641009,-0.9541227,0.16103949,1.623505,-1.5833458,-0.08641009
1.1857847,-0.16542313,-1.2506326,-0.72453886,-0.8105204,1.1857847,-0.16542313,-1.2506326,-0.72453886,-0.8105204,1.1857847,-0.16542313,-1.2506326,-0.72453886,-0.8105204,1.1857847,-0.16542313,-1.2506326,-0.72453886,-0.8105204
-1.0437002,-0.32370803,-1.2109894,1.141145,-0.11744339,-1.0437002,-0.32370803,-1.2109894,1.141145,-0.11744339,-1.0437002,-0.32370803,-1.2109894,1.141145,-0.11744339,-1.0437002,-0.32370803,-1.2109894,1.141145,-0.11744339
1.6933906,-1.4415952,0.76126367,-1.0305505,1.4755994,1.6933906,-1.4415952,0.76126367,-1.0305505,1.4755994,1.6933906,-1.4415952,0.76126367,-1.0305505,1.4755994,1.6933906,-1.4415952,0.76126367,-1.0305505,1.4755994
0.011323836,-0.2841368,-0.8541999,-0.9219657,-1.4829086,0.011323836,-0.2841368,-0.8541999,-0.9219657,-1.4829086,0.011323836,-0.2841368,-0.8541999,-0.9219657,-1.4829086,0.011323836,-0.2841368,-0.8541999,-0.9219657,-1.4829086
-1.5114939,0.83375037,0.7810853,-0.95157975,1.299744,-1.5114939,0.83375037,0.7810853,-0.95157975,1.299744,-1.5114939,0.83375037,0.7810853,-0.95157975,1.299744,-1.5114939,0.83375037,0.7810853,-0.95157975,1.299744
1.2753621,-1.708701,0.88019353,-0.19148633,-0.013999053,1.2753621,-1.708701,0.88019353,-0.19148633,-0.013999053,1.2753621,-1.708701,0.88019353,-0.19148633,-0.013999053,1.2753621,-1.708701,0.88019353,-0.19148633,-0.013999053
-0.307174,1.2987123,0.8603719,1.6050981,-0.8829315,-0.307174,1.2987123,0.8603719,1.6050981,-0.8829315,-0.307174,1.2987123,0.8603719,1.6050981,-0.8829315,-0.307174,1.2987123,0.8603719,1.6050981,-0.8829315
-0.824733,0.82385755,-0.87402153,-1.3760475,-0.57259846,-0.824733,0.82385755,-0.87402153,-1.3760475,-0.57259846,-0.824733,0.82385755,-0.87402153,-1.3760475,-0.57259846,-0.824733,0.82385755,-0.87402153,-1.3760475,-0.57259846
1.2156438,-1.5207376,1.4153777,0.10465398,0.57563365,1.2156438,-1.5207376,1.4153777,0.10465398,0.57563365,1.2156438,-1.5207376,1.4153777,0.10465398,0.57563365,1.2156438,-1.5207376,1.4153777,0.10465398,0.57563365
-1.4915879,1.417426,0.03777387,-0.51724064,-0.6760428,-1.4915879,1.417426,0.03777387,-0.51724064,-0.6760428,-1.4915879,1.417426,0.03777387,-0.51724064,-0.6760428,-1.4915879,1.417426,0.03777387,-0.51724064,-0.6760428
1.0862541,-1.6196657,-0.8938432,0.6377065,0.50322264,1.0862541,-1.6196657,-0.8938432,0.6377065,0.50322264,1.0862541,-1.6196657,-0.8938432,0.6377065,0.50322264,1.0862541,-1.6196657,-0.8938432,0.6377065,0.50322264
-1.163137,-0.60070664,0.9198368,-0.07303021,-0.15882112,-1.163137,-0.60070664,0.9198368,-0.07303021,-0.15882112,-1.163137,-0.60070664,0.9198368,-0.07303021,-0.15882112,-1.163137,-0.60070664,0.9198368,-0.07303021,-0.15882112
1.4346111,0.20061071,1.1775181,-1.1786207,0.017034246,1.4346111,0.20061071,1.1775181,-1.1786207,0.017034246,1.4346111,0.20061071,1.1775181,-1.1786207,0.017034246,1.4346111,0.20061071,1.1775181,-1.1786207,0.017034246
-0.9740289,-0.33360085,-0.408213,-1.4056616,-1.8242749,-0.9740289,-0.33360085,-0.408213,-1.4056616,-1.8242749,-0.9740289,-0.33360085,-0.408213,-1.4056616,-1.8242749,-0.9740289,-0.33360085,-0.408213,-1.4056616,-1.8242749
0.0013707879,-0.5215642,1.5640401,1.1806304,1.0100999,0.0013707879,-0.5215642,1.5640401,1.1806304,1.0100999,0.0013707879,-0.5215642,1.5640401,1.1806304,1.0100999,0.0013707879,-0.5215642,1.5640401,1.1806304,1.0100999
0.6085073,-0.6897419,1.4946643,-1.5734744,-0.29329875,0.6085073,-0.6897419,1.4946643,-1.5734744,-0.29329875,0.6085073,-0.6897419,1.4946643,-1.5734744,-0.29329875,0.6085073,-0.6897419,1.4946643,-1.5734744,-0.29329875
-1.1432308,1.4569972,1.6928807,0.005940539,-1.1622312,-1.1432308,1.4569972,1.6928807,0.005940539,-1.1622312,-1.1432308,1.4569972,1.6928807,0.005940539,-1.1622312,-1.1432308,1.4569972,1.6928807,0.005940539,-1.1622312
-0.4962821,-0.15553032,-1.3497409,0.1540107,0.8032112,-0.4962821,-0.15553032,-1.3497409,0.1540107,0.8032112,-0.4962821,-0.15553032,-1.3497409,0.1540107,0.8032112,-0.4962821,-0.15553032,-1.3497409,0.1540107,0.8032112
0.52888286,-0.76888436,-0.517232,1.5557414,-1.3691199,0.52888286,-0.76888436,-0.517232,1.5557414,-1.3691199,0.52888286,-0.76888436,-0.517232,1.5557414,-1.3691199,0.52888286,-0.76888436,-0.517232,1.5557414,-1.3691199
-0.8446391,-0.88759804,0.24590108,-1.2970768,1.1031997,-0.8446391,-0.88759804,0.24590108,-1.2970768,1.1031997,-0.8446391,-0.88759804,0.24590108,-1.2970768,1.1031997,-0.8446391,-0.88759804,0.24590108,-1.2970768,1.1031997
-1.3621981,-1.0953469,-0.6559835,-0.2704571,-1.5760084,-1.3621981,-1.0953469,-0.6559835,-0.2704571,-1.5760084,-1.3621981,-1.0953469,-0.6559835,-0.2704571,-1.5760084,-1.3621981,-1.0953469,-0.6559835,-0.2704571,-1.5760084
0.3696339,-1.0755614,0.26572272,-0.26058573,1.3618106,0.3696339,-1.0755614,0.26572272,-0.26058573,1.3618106,0.3696339,-1.0755614,0.26572272,-0.26058573,1.3618106,0.3696339,-1.0755614,0.26572272,-0.26058573,1.3618106
-1.1034186,-0.5611354,1.514486,1.0325602,-1.0898201,-1.1034186,-0.5611354,1.514486,1.0325602,-1.0898201,-1.1034186,-0.5611354,1.514486,1.0325602,-1.0898201,-1.1034186,-0.5611354,1.514486,1.0325602,-1.0898201
-0.8545922,0.2995388,-0.9830405,0.62783515,-1.5035975,-0.8545922,0.2995388,-0.9830405,0.62783515,-1.5035975,-0.8545922,0.2995388,-0.9830405,0.62783515,-1.5035975,-0.8545922,0.2995388,-0.9830405,0.62783515,-1.5035975
-0.38679847,-1.3525599,-0.24963988,1.0029463,-0.66569835,-0.38679847,-1.3525599,-0.24963988,1.0029463,-0.66569835,-0.38679847,-1.3525599,-0.24963988,1.0029463,-0.66569835,-0.38679847,-1.3525599,-0.24963988,1.0029463,-0.66569835
