GD1,SL1,SL2,GJ1,Poisson's Ratio,Initial Inner Friction Angle (degree) ,Initial Cohesion (MPa) ,Dilatancy Angle (degree) ,Young's Modulus (GPa) 
-3.915892296,-1.093686669,-2.251288238,-3.120037967,0.352285714,28.37142857,0.406428571,2.757142857,0.583571429
-0.468029997,-0.06302676,-0.079238125,-0.413617947,0.398571429,26.94285714,0.475,8.471428571,16.12785714
-1.340976251,-0.469650031,-0.84148651,-1.032095684,0.300857143,24.48571429,0.389285714,3.528571429,4.539285714
-0.948725164,-0.188924616,-0.317979614,-0.813921238,0.376285714,22.14285714,0.213571429,7.957142857,7.102142857
-2.759241442,-0.85072491,-1.631967796,-2.177677547,0.304857143,30.14285714,0.237857143,4.185714286,1.252142857
-2.305267203,0.22249142,0.492366678,-2.42548378,0.486571429,27.4,0.195,6.557142857,2.923571429
-1.163733828,-0.247079755,-0.430047381,-0.990795463,0.368857143,28.2,0.317857143,7.442857143,5.486428571
-0.393970606,0.151982392,0.350609361,-0.471720529,0.486,25.57142857,0.459285714,6.328571429,18.46785714
-0.589347755,-0.228836969,-0.390803741,-0.434673037,0.320857143,38.54285714,0.136428571,2.528571429,13.67642857
-0.485482232,-0.208988683,-0.354566425,-0.343728908,0.311714286,34.77142857,0.362142857,2.3,17.68785714
-2.796206577,-0.678981773,-1.309950005,-2.321893721,0.342,39.05714286,0.200714286,8.957142857,1.419285714
-0.639481502,-0.259005987,-0.446802754,-0.466235866,0.311142857,36.42857143,0.290714286,0.185714286,12.50642857
-0.440311811,-0.149739413,-0.243796127,-0.334252634,0.345428571,23.17142857,0.329285714,4.242857143,18.80214286
-1.056186205,-0.101249989,-0.154121991,-0.973573047,0.408857143,36.82857143,0.040714286,8.928571429,6.210714286
-0.809340382,-0.257676219,-0.444360111,-0.63495266,0.336857143,23.97142857,0.432142857,0.242857143,8.940714286
-0.487566353,0.057525192,0.156532617,-0.506798259,0.448857143,27.51428571,0.422142857,3.9,14.735
-1.370450309,0.013184686,0.06385259,-1.3564073,0.443714286,22.71428571,0.097857143,2.157142857,4.706428571
-0.512725582,-0.080740905,-0.112589667,-0.447438581,0.392857143,31.45714286,0.209285714,3.328571429,14.62357143
-0.698191751,-0.283174827,-0.49152126,-0.509845521,0.307142857,23.45714286,0.277857143,3.442857143,11.225
-0.758066391,-0.305834158,-0.533435716,-0.555489195,0.304285714,36.77142857,0.427857143,8.642857143,10.11071429
-0.724555657,-0.223535123,-0.380622776,-0.571605072,0.343714286,30.88571429,0.483571429,0.471428571,10.22214286
-1.564674011,0.037113705,0.108812866,-1.564169897,0.451142857,21.91428571,0.323571429,2.785714286,4.093571429
-1.282677427,0.269171216,0.602751417,-1.441338678,0.491714286,32.82857143,0.487857143,9.642857143,5.542142857
-0.63137805,-0.248463612,-0.427190553,-0.464524296,0.316285714,22.82857143,0.053571429,9.757142857,12.61785714
-0.722839179,-0.049029116,-0.051162458,-0.675565624,0.414571429,21.57142857,0.119285714,5.928571429,9.665
-0.400278481,-0.06626808,-0.086383888,-0.344150511,0.392285714,31.4,0.326428571,9.157142857,19.47071429
-0.375961775,0.034210928,0.108067084,-0.380243971,0.441428571,27.05714286,0.320714286,5.3,19.63785714
-0.568066234,-0.051825357,-0.056867464,-0.520006242,0.408285714,39.57142857,0.495,3.842857143,12.785
-0.62396006,0.225153726,0.510221103,-0.752525661,0.494,24.88571429,0.160714286,6.128571429,11.615
-3.474099188,-0.900566669,-1.799468313,-2.832393328,0.342571429,28.02857143,0.190714286,0.985714286,0.862142857
-1.488508753,-0.052149715,-0.067188471,-1.431379723,0.431714286,39.17142857,0.343571429,9.671428571,4.205
-0.415174986,0.043967506,0.128284723,-0.42568346,0.444857143,21.51428571,0.496428571,0.614285714,17.57642857
-1.018063727,-0.254638551,-0.441150023,-0.842735096,0.356857143,32.77142857,0.147857143,5.471428571,6.545
-2.844308121,-0.053690084,-0.100493953,-2.769340074,0.453428571,30.08571429,0.070714286,9.042857143,2.032142857
-0.487669408,-0.16579526,-0.273498034,-0.371631667,0.343142857,31.17142857,0.435,8.728571429,16.685
-0.83961345,-0.285247102,-0.495560792,-0.648358266,0.327142857,21.28571429,0.420714286,9.328571429,8.606428571
-0.665650573,0.142795992,0.332448587,-0.739639412,0.471714286,20.08571429,0.376428571,4.5,10.61214286
-1.065849468,0.143747019,0.333079183,-1.139467613,0.468857143,22.02857143,0.429285714,4.614285714,6.433571429
-0.421743355,-0.09166162,-0.134366681,-0.350380382,0.379714286,27.97142857,0.319285714,8.185714286,18.69071429
-1.588059639,0.296917539,0.663226091,-1.765362737,0.495142857,22.54285714,0.026428571,6.585714286,4.483571429
-0.473622151,-0.102924247,-0.15510147,-0.395236442,0.378571429,32.37142857,0.485,3.614285714,16.35071429
-0.916175834,-0.231853424,-0.397468423,-0.755921866,0.358,38.65714286,0.113571429,6.928571429,7.492142857
-0.526863156,-0.042492927,-0.039224072,-0.484653437,0.410571429,36.6,0.172142857,8.385714286,13.89928571
-1.462538509,-0.457766429,-0.824185678,-1.158255969,0.316857143,35.74285714,0.143571429,2.014285714,3.982142857
-1.969224073,-0.071671255,-0.116367601,-1.893430173,0.436857143,27.68571429,0.150714286,1.728571429,3.035
-0.868215917,-0.071608897,-0.095265328,-0.80584928,0.411714286,32.48571429,0.112142857,2.928571429,7.826428571
-0.443576672,0.097770323,0.237534244,-0.487685922,0.464285714,39.34285714,0.109285714,1.671428571,16.23928571
-1.964017677,-0.220132891,-0.403963812,-1.794171399,0.407142857,22.42857143,0.445,3.042857143,2.867857143
-0.468469815,-0.179447973,-0.299318555,-0.344479622,0.33,24.65714286,0.130714286,0.357142857,17.91071429
-0.483479065,-0.222252988,-0.379479145,-0.333840935,0.300285714,33.97142857,0.189285714,3.071428571,18.13357143
-1.99906888,-0.590823954,-1.091257978,-1.602562351,0.314571429,34.82857143,0.383571429,8.071428571,2.422142857
-5.829623867,-0.623604195,-1.360828545,-5.325005235,0.434,25.11428571,0.347857143,7.9,0.639285714
-0.517972393,0.117878101,0.279870244,-0.575363605,0.468285714,21.17142857,0.453571429,5.357142857,13.78785714
-3.790685845,-0.40357183,-0.832493016,-3.470039056,0.420285714,38.25714286,0.403571429,0.442857143,1.196428571
-0.625644777,-0.187080871,-0.312600583,-0.495581772,0.350571429,37.11428571,0.410714286,2.7,12.17214286
-1.411165143,-0.280061865,-0.497738572,-1.214239395,0.371714286,27.91428571,0.266428571,2.9,4.260714286
-0.50172598,0.056448996,0.154551869,-0.520333696,0.448285714,38.42857143,0.046428571,1.614285714,14.28928571
-3.51716787,-0.334151835,-0.683723933,-3.247038044,0.424285714,34.02857143,0.169285714,0.128571429,1.363571429
-0.752055404,-0.169935757,-0.280653458,-0.631003037,0.370571429,22.08571429,0.415,6.071428571,9.497857143
-6.419375511,0.019344052,0.021470012,-6.37013253,0.492857143,30.48571429,0.023571429,0.585714286,0.917857143
-0.579419912,-0.254071934,-0.438048206,-0.409762646,0.301428571,24.71428571,0.402142857,1.785714286,14.40071429
-1.711763742,-0.238367978,-0.429839618,-1.534993655,0.395142857,37.68571429,0.142142857,5.214285714,3.369285714
-0.411679235,-0.085011391,-0.121883927,-0.34432973,0.382571429,29.74285714,0.062142857,1.814285714,19.13642857
-0.784313908,0.198709901,0.451246417,-0.895455354,0.483142857,33.57142857,0.103571429,7.642857143,9.052142857
-0.49745128,-0.162091756,-0.26645445,-0.383534586,0.347142857,37.91428571,0.176428571,6.242857143,16.18357143
-0.837072868,0.145030643,0.336918773,-0.912418415,0.47,33.28571429,0.095,5.385714286,8.327857143
-2.032122234,-0.266715418,-0.494844406,-1.832043079,0.399142857,28.31428571,0.126428571,2.385714286,2.700714286
-4.086793716,0.125656975,0.26741806,-4.126838255,0.487142857,25.4,0.077857143,5.157142857,1.530714286
-0.460930201,-0.102731216,-0.154871075,-0.382737358,0.377428571,33.0,0.239285714,4.757142857,16.90785714
-0.378144501,0.156334835,0.359864202,-0.458354765,0.488857143,33.22857143,0.492142857,9.9,19.30357143
-0.640420772,-0.024406942,-0.003618978,-0.608786332,0.420857143,34.25714286,0.350714286,1.928571429,11.05785714
-0.677532053,-0.219049905,-0.372232328,-0.527783477,0.340285714,21.4,0.072142857,7.785714286,11.16928571
-3.753255191,0.094751633,0.200992666,-3.772941166,0.481428571,33.62857143,0.450714286,6.414285714,1.642142857
-0.634260834,-0.224596849,-0.382663076,-0.481650921,0.331142857,29.51428571,0.260714286,9.128571429,12.28357143
-0.853926211,-0.095074492,-0.139995473,-0.777285157,0.403714286,30.25714286,0.096428571,1.471428571,7.993571429
-0.418857627,-0.092120192,-0.135276007,-0.347236072,0.379142857,26.25714286,0.333571429,3.157142857,18.85785714
-0.625596856,-0.140540654,-0.225258164,-0.523476673,0.373428571,32.65714286,0.370714286,9.585714286,11.83785714
-3.092583068,-0.776529497,-1.519981685,-2.546516321,0.339714286,35.11428571,0.273571429,4.985714286,1.140714286
-1.243128151,-0.235187449,-0.409859585,-1.076145456,0.376857143,33.51428571,0.353571429,1.357142857,5.040714286
-0.465086039,0.080326984,0.202227751,-0.498428504,0.457428571,25.74285714,0.303571429,3.642857143,15.45928571
-0.470027075,0.131793879,0.308474819,-0.535932643,0.474571429,25.45714286,0.272142857,9.5,15.29214286
-1.41524126,0.086936052,0.212253035,-1.448830534,0.459142857,29.4,0.049285714,5.7,4.650714286
-0.414076927,-0.086401182,-0.124488902,-0.345887845,0.382,29.11428571,0.460714286,3.128571429,19.025
-0.421217427,0.058676032,0.157806635,-0.440816287,0.450571429,27.62857143,0.215,2.642857143,17.24214286
-0.531740487,0.095545661,0.233998664,-0.575001494,0.460857143,20.6,0.120714286,6.9,13.39785714
-0.875078343,-0.311738568,-0.54469605,-0.66753941,0.318571429,31.51428571,0.257857143,1.1,8.216428571
-1.072069269,-0.10704792,-0.165419527,-0.985693521,0.407714286,31.74285714,0.399285714,5.528571429,6.099285714
-0.58765859,-0.151036106,-0.245113374,-0.479564261,0.364857143,25.22857143,0.446428571,0.928571429,12.89642857
-1.25753804,-0.4308779,-0.768892067,-0.973190643,0.308285714,30.54285714,0.447857143,5.9,4.985
-0.40930305,0.153807251,0.354652725,-0.488494259,0.485428571,39.28571429,0.473571429,2.328571429,17.74357143
-2.186152825,-0.466584428,-0.875064147,-1.859841574,0.359142857,25.0,0.476428571,6.014285714,2.255
-0.467022625,0.136681559,0.31872471,-0.536024032,0.476285714,31.62857143,0.276428571,3.3,15.40357143
-0.464805956,-0.167973041,-0.277809492,-0.34768077,0.337428571,28.6,0.433571429,7.328571429,17.855
-0.621449409,-0.180637107,-0.300548409,-0.49528967,0.353428571,33.85714286,0.393571429,0.9,12.22785714
-0.436743966,-0.137920816,-0.221591687,-0.337741403,0.352857143,24.54285714,0.306428571,6.271428571,18.74642857
-0.463201547,0.039751528,0.120715505,-0.471341205,0.442571429,37.57142857,0.162142857,6.7,15.62642857
-0.571118043,-0.21192154,-0.359301832,-0.426739699,0.328285714,28.94285714,0.259285714,6.528571429,14.06642857
-1.103483794,-0.150170981,-0.247711199,-0.990243645,0.396285714,26.42857143,0.412142857,7.7,5.876428571
-0.858467236,0.012754728,0.068695409,-0.848672897,0.436285714,24.77142857,0.132142857,4.557142857,7.937857143
-0.886399594,-0.116385875,-0.180782769,-0.796392911,0.398,20.48571429,0.002142857,8.671428571,7.659285714
-0.576703613,0.139186886,0.324669496,-0.648096647,0.472857143,22.37142857,0.159285714,0.414285714,12.33928571
-0.418280404,-0.102488721,-0.154930467,-0.340485572,0.372857143,23.05714286,0.180714286,4.957142857,19.08071429
-0.606247577,-0.236506389,-0.405021845,-0.446810739,0.319142857,26.82857143,0.115,6.985714286,13.23071429
-0.60968038,0.236636541,0.53611046,-0.745976406,0.497428571,37.34285714,0.090714286,2.585714286,11.94928571
-2.387245274,-0.649760972,-1.225017986,-1.943707695,0.324857143,28.77142857,0.005,9.614285714,1.809285714
-0.771541736,-0.078966023,-0.108745126,-0.705521962,0.406,23.51428571,0.452142857,3.471428571,8.996428571
-0.620122295,0.233833924,0.529675619,-0.754570851,0.496285714,35.91428571,0.086428571,2.671428571,11.72642857
-0.868424505,-0.3409021,-0.598412955,-0.643557648,0.302571429,38.82857143,0.387857143,2.414285714,8.439285714
-0.484546809,-0.154290447,-0.251906965,-0.375396488,0.35,24.82857143,0.285,1.3,16.62928571
-0.737436786,-0.236955844,-0.405617026,-0.576303018,0.338571429,28.08571429,0.075,8.357142857,10.055
-2.969703946,-0.885603613,-1.720595967,-2.35718409,0.314,31.8,0.185,0.157142857,1.085
-0.514516572,-0.126509597,-0.19933182,-0.421726166,0.37,29.05714286,0.055,5.5,15.01357143
-0.472748338,-0.145016509,-0.234572371,-0.369227077,0.354,20.42857143,0.165,0.328571429,17.01928571
-0.559084737,-0.124905834,-0.196013045,-0.466916773,0.375142857,33.11428571,0.289285714,8.3,13.50928571
-1.848104627,0.32273516,0.720973253,-2.043213095,0.498571429,28.25714286,0.106428571,8.1,3.870714286
-0.472713491,0.109431272,0.261936733,-0.524421153,0.467142857,22.31428571,0.003571429,5.242857143,15.18071429
-0.583691714,-0.180432707,-0.300297718,-0.458018795,0.348857143,29.8,0.413571429,9.471428571,13.28642857
-1.960221204,0.083477812,0.197769487,-1.986626076,0.463714286,35.57142857,0.009285714,4.214285714,3.257857143
-0.42177723,-0.08170262,-0.115451729,-0.356356387,0.385428571,24.08571429,0.037857143,3.585714286,18.52357143
-0.929127722,0.015540178,0.073753615,-0.920588329,0.438,34.08571429,0.116428571,6.357142857,7.269285714
-0.636132824,-0.124546371,-0.195078515,-0.543559885,0.381428571,37.22857143,0.416428571,4.357142857,11.50357143
-0.554607874,0.042700316,0.127641094,-0.564730312,0.443142857,35.45714286,0.457857143,6.814285714,12.84071429
-1.35447032,0.083769156,0.206493301,-1.386481002,0.458,38.31428571,0.426428571,7.185714286,4.873571429
-0.713801585,-0.196106319,-0.329464815,-0.577418278,0.355714286,36.14285714,0.400714286,5.042857143,10.27785714
-1.23267048,-0.358315141,-0.636218567,-0.991916659,0.334571429,37.4,0.047857143,3.185714286,5.096428571
-4.473353539,-0.747731819,-1.559426632,-3.907607977,0.395714286,36.94285714,0.153571429,3.985714286,0.750714286
-0.991332727,-0.050115601,-0.055073058,-0.941091154,0.421428571,31.05714286,0.137857143,3.728571429,6.712142857
-1.976117546,-0.463182765,-0.857653015,-1.656939622,0.349428571,31.68571429,0.107857143,6.871428571,2.589285714
-1.422502072,-0.468153511,-0.841495907,-1.112885621,0.309428571,25.62857143,0.437857143,6.842857143,4.149285714
-0.649776608,-0.073400932,-0.097912163,-0.588097674,0.403142857,35.97142857,0.490714286,5.614285714,11.00214286
-1.379392642,-0.313969692,-0.559282052,-1.162580958,0.359714286,20.25714286,0.135,2.128571429,4.372142857
-1.506425961,-0.450203586,-0.812185982,-1.205718547,0.323142857,39.62857143,0.202142857,7.128571429,3.815
-0.443785821,-0.043832929,-0.042758565,-0.401003088,0.406571429,25.17142857,0.193571429,2.471428571,16.96357143
-0.675832281,0.109516657,0.263389599,-0.728265173,0.462571429,23.8,0.356428571,8.842857143,10.38928571
-0.473371695,-0.036613681,-0.028464977,-0.43488606,0.411142857,20.82857143,0.205,2.271428571,15.68214286
-0.927648235,-0.309402298,-0.540860057,-0.720804573,0.326,33.74285714,0.025,9.242857143,7.547857143
-0.831269738,-0.112707048,-0.173327941,-0.744077798,0.396857143,25.28571429,0.390714286,2.442857143,8.272142857
-1.372364054,-0.06934081,-0.098352457,-1.305800827,0.425428571,35.62857143,0.407857143,0.528571429,4.595
-0.652275948,-0.159098048,-0.26012107,-0.538748312,0.367142857,20.94285714,0.280714286,4.071428571,11.33642857
-0.395335304,0.069742908,0.179587253,-0.42154451,0.455714286,26.77142857,0.305,0.814285714,18.41214286
-0.468569467,-0.136650397,-0.218859563,-0.370070374,0.358571429,34.14285714,0.232142857,7.042857143,17.075
-2.188290315,-0.411519463,-0.773106064,-1.895630541,0.372285714,38.08571429,0.270714286,1.528571429,2.310714286
-1.452747373,-0.402009901,-0.722716462,-1.181832823,0.335714286,30.94285714,0.157857143,8.585714286,4.037857143
-0.463109701,0.096564792,0.235331965,-0.506623047,0.463142857,31.57142857,0.380714286,1.585714286,15.515
-1.186988101,0.259293155,0.581421238,-1.339019121,0.490571429,28.82857143,0.456428571,7.357142857,5.987857143
-0.406774604,0.177334118,0.40574327,-0.501071474,0.493428571,28.48571429,0.345,0.7,17.96642857
-0.54073221,-0.149870458,-0.243159688,-0.433743299,0.360285714,28.88571429,0.253571429,0.071428571,14.345
-0.478796149,-0.218549374,-0.372584036,-0.331415148,0.302,32.31428571,0.179285714,5.957142857,18.30071429
-0.660592824,0.177595399,0.406196669,-0.757446953,0.480857143,31.11428571,0.419285714,1.642857143,10.77928571
-2.755638884,-0.279027461,-0.546390213,-2.534582509,0.416285714,32.54285714,0.477857143,0.014285714,1.865
-0.544702451,-0.230059375,-0.393446551,-0.389761025,0.310571429,31.0,0.242142857,5.442857143,15.34785714
-0.485313149,-0.146177229,-0.236638879,-0.380996049,0.355142857,23.68571429,0.089285714,3.671428571,16.46214286
-1.695230354,-0.172506584,-0.304615349,-1.559530291,0.41,39.22857143,0.207857143,9.928571429,3.480714286
-0.515860826,0.170789214,0.391611613,-0.607408941,0.484285714,30.02857143,0.322142857,8.442857143,13.955
-1.262190403,0.007381432,0.053926723,-1.245517425,0.440857143,23.28571429,0.032142857,5.271428571,5.152142857
-0.650392395,-0.245589987,-0.421746801,-0.485053693,0.321428571,36.48571429,0.469285714,8.214285714,12.06071429
-0.50891685,-0.090907693,-0.131966305,-0.4375305,0.387714286,38.6,0.225,7.728571429,14.84642857
-0.756456327,-0.041589465,-0.036887086,-0.713524187,0.418,27.34285714,0.182142857,9.414285714,9.163571429
-0.750739479,0.031129717,0.105344212,-0.753126869,0.440285714,39.51428571,0.312142857,1.442857143,9.219285714
-0.635164955,0.002389637,0.048582415,-0.620096678,0.43,28.65714286,0.187857143,6.3,11.11357143
-0.689487086,-0.18000821,-0.299330029,-0.563024874,0.360857143,34.94285714,0.267857143,5.642857143,10.66785714
-0.509138129,-0.198086916,-0.333886235,-0.373642386,0.325428571,35.68571429,0.170714286,8.157142857,16.295
-0.690964025,-0.163964792,-0.269273879,-0.5741336,0.368285714,30.2,0.283571429,6.785714286,10.55642857
-2.144288227,-0.026657637,-0.030569798,-2.09557133,0.447714286,32.2,0.133571429,9.728571429,2.812142857
-0.804637244,0.160609471,0.369763817,-0.890329976,0.474,27.8,0.027857143,8.271428571,8.717857143
-0.413940189,-0.079436762,-0.111255284,-0.349905403,0.386,34.48571429,0.059285714,0.042857143,18.91357143
-1.537805692,-0.447259495,-0.808103389,-1.238181696,0.326571429,29.57142857,0.282142857,7.071428571,3.703571429
-0.625901217,0.115097635,0.274748154,-0.681893612,0.464857143,37.17142857,0.016428571,2.871428571,11.28071429
-0.502178299,-0.167837935,-0.277206296,-0.384790644,0.344285714,33.4,0.346428571,1.042857143,16.07214286
-0.417004275,0.064266786,0.168968196,-0.440024132,0.452857143,26.6,0.210714286,1.757142857,17.40928571
-2.452190375,0.151300623,0.335533362,-2.521088843,0.478,29.85714286,0.417857143,1.157142857,2.645
-0.41724696,0.183654668,0.419646649,-0.515854599,0.494571429,28.14285714,0.269285714,5.785714286,17.52071429
-1.951703725,0.032508031,0.093010734,-1.944162429,0.455142857,29.68571429,0.397857143,3.757142857,3.202142857
-0.584110055,-0.164681913,-0.270760643,-0.467864857,0.357428571,39.97142857,0.206428571,2.614285714,13.11928571
-0.443910598,0.205691068,0.468560516,-0.557503702,0.499142857,23.22857143,0.110714286,1.985714286,16.51785714
-0.451027956,-0.063263854,-0.079903554,-0.396535291,0.397428571,35.85714286,0.197857143,6.185714286,16.85214286
-1.55977997,-0.263189566,-0.471193784,-1.370478402,0.383142857,21.34285714,0.292142857,8.814285714,3.759285714
-0.472482454,0.060029645,0.161353713,-0.493211644,0.45,20.02857143,0.330714286,4.442857143,15.23642857
-0.378122519,0.1385506,0.321719322,-0.447037156,0.482571429,35.4,0.379285714,6.442857143,19.24785714
-2.36851221,-0.515086689,-0.975150093,-2.007950839,0.356285714,39.0,0.082142857,1.842857143,1.976428571
-0.414650731,0.139695907,0.324586147,-0.484917149,0.480285714,31.28571429,0.102142857,7.928571429,17.465
-0.643126783,-0.258317444,-0.445499025,-0.470253602,0.312285714,34.54285714,0.067857143,1.185714286,12.395
-1.094413428,-0.198766182,-0.338747088,-0.951706828,0.380857143,37.45714286,0.373571429,9.7,5.932142857
-1.158294376,-0.390195281,-0.692536599,-0.89982782,0.315142857,23.11428571,0.480714286,5.1,5.597857143
-1.119271711,0.219372063,0.494023927,-1.243787037,0.483714286,35.34285714,0.396428571,2.842857143,6.266428571
-0.678886354,-0.072074538,-0.095357994,-0.617810197,0.404857143,31.97142857,0.092142857,8.985714286,10.445
-0.977728735,-0.233233743,-0.400867049,-0.815825484,0.362,21.74285714,0.327857143,1.014285714,6.879285714
-0.481963406,0.13711574,0.319763208,-0.551389893,0.475714286,28.42857143,0.355,6.671428571,14.90214286
-0.550372426,0.160094348,0.368773718,-0.635207283,0.479714286,27.57142857,0.223571429,5.557142857,13.00785714
-0.541275398,0.049235666,0.140547399,-0.555463333,0.445428571,33.05714286,0.013571429,0.785714286,13.175
-0.399414229,-0.076130802,-0.105186882,-0.337408437,0.386571429,24.42857143,0.166428571,9.442857143,19.69357143
-3.660815853,-0.901538102,-1.818090781,-3.011952106,0.351714286,39.85714286,0.105,2.357142857,0.806428571
-0.593492048,-0.042557133,-0.038892188,-0.550959222,0.412857143,34.88571429,0.369285714,7.871428571,12.11642857
-2.896310565,-0.561802855,-1.095002088,-2.492930787,0.369428571,37.62857143,0.042142857,9.357142857,1.475
-1.028447514,0.014635891,0.071125846,-1.01854906,0.439142857,21.22857143,0.332142857,2.1,6.489285714
-4.022388497,0.158884954,0.342028727,-4.087041543,0.49,25.85714286,0.482142857,4.9,1.586428571
-0.626844077,-0.064978415,-0.081842163,-0.570447362,0.405428571,31.85714286,0.372142857,4.785714286,11.44785714
-0.393396257,0.180624331,0.413019876,-0.489549005,0.495714286,21.62857143,0.359285714,2.071428571,18.635
-0.998676996,-0.291504978,-0.50885163,-0.801533139,0.340857143,37.8,0.083571429,1.5,6.767857143
-0.392986702,-0.017585823,0.007021917,-0.366026651,0.417428571,33.68571429,0.423571429,0.871428571,19.19214286
-0.762272312,-0.237035463,-0.405839599,-0.600804829,0.341428571,29.45714286,0.466428571,4.728571429,9.609285714
-0.509611565,-0.223695548,-0.381882228,-0.358835314,0.306571429,36.31428571,0.302142857,5.128571429,16.79642857
-0.683735637,-0.118380243,-0.183418294,-0.594481419,0.387142857,23.34285714,0.156428571,1.871428571,10.50071429
-0.606456864,-0.213226104,-0.361544847,-0.460937789,0.333428571,39.11428571,0.240714286,2.728571429,12.95214286
-0.560869653,0.018003669,0.078809827,-0.555657167,0.434571429,34.31428571,0.340714286,2.5,12.72928571
-0.969916734,0.16415896,0.376558186,-1.057551764,0.473428571,30.6,0.342142857,1.128571429,7.157857143
-0.495024637,0.049823221,0.141216544,-0.509493555,0.446,26.08571429,0.145,4.585714286,14.51214286
-0.552512676,-0.200368292,-0.337808745,-0.415223188,0.332285714,38.94285714,0.462142857,9.014285714,14.56785714
-0.666657248,-0.132177713,-0.209466795,-0.569214046,0.380285714,28.54285714,0.316428571,0.957142857,10.89071429
-1.716060388,0.002321975,0.036226273,-1.6912652,0.446571429,25.91428571,0.310714286,5.014285714,3.647857143
-0.442896833,-0.146271323,-0.237242828,-0.338877366,0.348285714,32.6,0.035,4.042857143,18.57928571
-1.148577794,0.075414209,0.191699062,-1.176761643,0.454571429,37.05714286,0.360714286,6.642857143,5.820714286
-0.534753038,0.054121032,0.150248671,-0.551980662,0.447142857,32.71428571,0.000714286,8.128571429,13.34214286
-0.447175466,-0.016890176,0.009311857,-0.420669312,0.419142857,38.2,0.045,4.928571429,16.57357143
-0.663276339,-0.262513795,-0.453219021,-0.487675078,0.313428571,38.77142857,0.246428571,5.871428571,11.89357143
-0.876797726,-0.270946351,-0.469421406,-0.693619764,0.338,31.91428571,0.309285714,9.814285714,8.049285714
-0.44957382,-0.007898481,0.026820882,-0.428525186,0.423142857,30.71428571,0.307857143,0.214285714,16.40642857
-0.578141757,0.193258056,0.440226553,-0.685002981,0.487714286,21.0,0.430714286,6.957142857,12.45071429
-0.489517127,-0.196046611,-0.330249331,-0.355433843,0.322571429,33.17142857,0.236428571,8.785714286,17.18642857
-0.755070604,-0.254873963,-0.438941164,-0.58300637,0.331714286,26.48571429,0.382142857,4.842857143,9.832142857
-1.784839991,-0.345591438,-0.632454171,-1.541114532,0.371142857,22.2,0.392142857,9.385714286,3.090714286
-0.492045446,-0.053555581,-0.060826093,-0.443257626,0.404285714,25.8,0.063571429,8.5,15.125
-0.663873148,-0.27452092,-0.475575778,-0.481082241,0.306,30.31428571,0.006428571,4.871428571,12.005
-0.983613437,-0.351646043,-0.619112728,-0.750787124,0.312857143,38.14285714,0.255,3.557142857,7.046428571
-0.414671577,-0.013938692,0.014501871,-0.389937959,0.419714286,23.74285714,0.287857143,4.3,18.02214286
-0.497138333,0.045130561,0.131882151,-0.508701059,0.444285714,34.2,0.463571429,9.071428571,14.45642857
-1.077368916,0.009447543,0.060364775,-1.063757352,0.438571429,37.74285714,0.499285714,7.385714286,6.155
-0.766201738,0.232487997,0.525285259,-0.900258628,0.491142857,26.88571429,0.440714286,6.1,9.386428571
-0.420178561,-0.052857026,-0.06042934,-0.372021859,0.400857143,38.02857143,0.079285714,1.7,18.18928571
-0.913995448,-0.114615553,-0.177709863,-0.824774283,0.399714286,38.48571429,0.220714286,2.242857143,7.380714286
-0.630954341,0.203349953,0.46204517,-0.744859208,0.488285714,20.31428571,0.489285714,9.3,11.39214286
-1.033454324,-0.197777353,-0.335802258,-0.892184547,0.378,21.97142857,0.443571429,5.814285714,6.377857143
-0.462171922,0.001065183,0.044488579,-0.446586638,0.427142857,32.88571429,0.212142857,4.328571429,15.84928571
-0.887595948,0.079420085,0.201717879,-0.920045082,0.454,37.85714286,0.439285714,5.585714286,7.715
-0.775934995,-0.006539736,0.03115721,-0.754600452,0.429428571,39.68571429,0.286428571,8.757142857,8.885
-0.758856328,0.00762716,0.058956895,-0.746464643,0.433428571,25.97142857,0.465,0.5,9.107857143
-0.416902988,0.088419589,0.217952234,-0.454908908,0.462,21.11428571,0.019285714,5.328571429,17.35357143
-0.406616632,0.115309037,0.273234153,-0.461336427,0.472285714,37.51428571,0.365,1.385714286,17.79928571
-1.621276035,-0.458723846,-0.832385567,-1.313009938,0.328857143,20.77142857,0.196428571,9.842857143,3.425
-0.533151303,-0.236142517,-0.404955219,-0.374697292,0.303142857,24.02857143,0.129285714,0.671428571,15.96071429
-0.786990715,-0.253530386,-0.436560361,-0.615354769,0.336285714,27.28571429,0.367857143,2.557142857,9.275
-0.73615836,0.073592618,0.190281617,-0.765486448,0.452285714,36.37142857,0.057857143,0.642857143,9.442142857
-1.264252875,-0.398347363,-0.71000355,-0.999104475,0.322,22.88571429,0.300714286,6.214285714,4.929285714
-0.469306002,-0.023399144,-0.002988787,-0.438836055,0.416857143,26.14285714,0.377857143,5.414285714,15.73785714
-0.367079504,0.155035451,0.356965523,-0.446216723,0.489428571,21.68571429,0.029285714,7.814285714,19.91642857
-1.431064667,0.183177998,0.41360016,-1.529192574,0.476857143,30.42857143,0.152142857,6.614285714,4.762142857
-1.361937552,-0.390901636,-0.699401645,-1.099410932,0.332857143,38.37142857,0.493571429,5.071428571,4.427857143
-0.52544943,-0.084936756,-0.120474589,-0.457562999,0.391714286,39.4,0.252142857,0.557142857,14.23357143
-2.939643327,-0.311536041,-0.616815441,-2.694414166,0.415142857,35.8,0.425,5.842857143,1.697857143
-0.551596219,-0.014267162,0.015598637,-0.526532199,0.422571429,29.97142857,0.275,7.3,13.06357143
-0.804284261,-0.317350252,-0.554756437,-0.594278058,0.305428571,33.34285714,0.015,5.985714286,9.330714286
-0.513617595,-0.006492455,0.030382956,-0.493393349,0.424857143,22.48571429,0.076428571,5.671428571,14.12214286
-0.844158335,-0.241752284,-0.415088776,-0.678878876,0.347714286,20.37142857,0.060714286,3.357142857,8.383571429
-0.607176644,-0.175239315,-0.290476311,-0.484389099,0.354571429,24.2,0.366428571,7.1,12.56214286
-4.440065533,-1.069208407,-2.241277157,-3.645502688,0.374,26.31428571,0.052142857,0.385714286,0.527857143
-0.672372067,-0.166706487,-0.274397104,-0.554076053,0.365428571,29.91428571,0.183571429,7.671428571,10.94642857
-0.470936015,-0.007458614,0.027985308,-0.450156458,0.423714286,36.65714286,0.125,4.528571429,15.57071429
-0.862316958,0.186234581,0.424040079,-0.965015699,0.479142857,39.8,0.455,9.214285714,8.160714286
-1.003363644,-0.145987378,-0.238182611,-0.893947469,0.393428571,35.51428571,0.249285714,3.014285714,6.600714286
-0.490716637,0.038765442,0.119138153,-0.49832331,0.442,27.22857143,0.199285714,7.557142857,14.67928571
-2.487837741,0.095237739,0.215239636,-2.517531844,0.470571429,36.54285714,0.020714286,8.414285714,2.533571429
-0.525685778,-0.142462011,-0.229319155,-0.423257357,0.362571429,23.0,0.173571429,4.128571429,14.79071429
-2.202051785,-0.342470116,-0.64465067,-1.951668185,0.388285714,20.14285714,0.117857143,6.5,2.366428571
-0.415953087,-0.049062386,-0.053222952,-0.37008085,0.402571429,23.91428571,0.230714286,6.385714286,18.35642857
-0.604898226,0.069881362,0.182437279,-0.632071863,0.451714286,20.65714286,0.100714286,7.271428571,11.67071429
-0.4397079,0.00303369,0.047988803,-0.425297934,0.427714286,26.2,0.087857143,9.271428571,16.74071429
-1.707090397,-0.055702602,-0.078802378,-1.644961137,0.435142857,37.97142857,0.012142857,3.1,3.592142857
-0.382695905,-0.023818839,-0.005242219,-0.351978288,0.414,27.11428571,0.167857143,3.385714286,19.86071429
-1.777847676,-0.487440129,-0.891750778,-1.44883932,0.330571429,20.54285714,0.436428571,0.1,2.979285714
-0.615728462,0.159721517,0.368090552,-0.70065569,0.477428571,24.14285714,0.140714286,1.214285714,11.55928571
-5.748170402,-0.539120296,-1.180240914,-5.304020938,0.439714286,29.22857143,0.357857143,7.985714286,0.695
-0.525587023,0.088028874,0.218599174,-0.564071428,0.458571429,31.34285714,0.022142857,8.242857143,13.565
-0.673209528,-0.123735961,-0.193534206,-0.580807571,0.384285714,26.65714286,0.245,2.042857143,10.72357143
-0.506200082,0.149936579,0.347013869,-0.584100763,0.478571429,27.85714286,0.247857143,3.7,14.17785714
-0.546389599,-0.105039796,-0.158507829,-0.466261443,0.383714286,36.71428571,0.226428571,1.9,13.73214286
-0.976294895,0.287521244,0.646905176,-1.148749919,0.498,22.94285714,0.192142857,8.871428571,7.436428571
-3.095269802,0.011576459,0.030129462,-3.061903487,0.465428571,32.42857143,0.296428571,0.842857143,1.920714286
-0.753304661,-0.258874739,-0.446361779,-0.578867811,0.329428571,24.94285714,0.227857143,3.928571429,9.887857143
-1.283136894,-0.367628172,-0.654602131,-1.035937876,0.335142857,26.71428571,0.467857143,8.042857143,4.817857143
-0.448236958,-0.198315062,-0.334961488,-0.313229107,0.31,25.68571429,0.080714286,8.014285714,19.58214286
-2.134049488,-0.644000636,-1.196437611,-1.701737421,0.308857143,36.25714286,0.299285714,4.014285714,2.143571429
-0.953199295,-0.332959061,-0.584459513,-0.731944015,0.318,30.77142857,0.039285714,4.1,7.325
-1.002788635,-0.234805761,-0.404172897,-0.839595747,0.363142857,39.74285714,0.222142857,4.157142857,6.656428571
-0.786129047,-0.051186983,-0.0555085,-0.737054253,0.415714286,27.0,0.313571429,4.7,8.773571429
-0.549073906,-0.224240579,-0.382515542,-0.397561836,0.315714286,29.17142857,0.177857143,1.328571429,15.06928571
-1.612574435,-0.340679325,-0.616529558,-1.375276624,0.364285714,25.05714286,0.007857143,7.757142857,3.536428571
-1.13218584,-0.304931063,-0.536042168,-0.92499123,0.346571429,32.08571429,0.017857143,3.785714286,5.709285714
-0.862546872,-0.023717288,-0.002738548,-0.829890597,0.426,26.37142857,0.315,6.042857143,7.882142857
-0.436307742,-0.101190327,-0.152240404,-0.359181491,0.375714286,34.42857143,0.093571429,9.1,18.07785714
-0.723646129,-0.175339321,-0.290664966,-0.599637851,0.366,39.45714286,0.066428571,7.5,9.999285714
-0.562787687,0.145657481,0.338220668,-0.638306104,0.475142857,30.65714286,0.065,6.157142857,12.67357143
-3.033188104,-0.193585346,-0.387729572,-2.863016023,0.435714286,22.6,0.263571429,4.471428571,1.753571429
-0.482881591,-0.200784864,-0.339205322,-0.346042972,0.317428571,39.91428571,0.479285714,9.957142857,17.63214286
-0.484949659,0.014722202,0.071562577,-0.477736054,0.432857143,30.37142857,0.163571429,4.671428571,14.95785714
-2.417750924,0.204654742,0.452223585,-2.524565094,0.484857143,21.05714286,0.335,9.185714286,2.756428571
-0.616760139,-0.092217264,-0.133851422,-0.543883855,0.394,37.28571429,0.449285714,7.614285714,11.78214286
-0.837721092,-0.291737711,-0.507543092,-0.64260857,0.323714286,23.85714286,0.036428571,3.242857143,8.662142857
-0.446635118,-0.200412345,-0.338919405,-0.310397038,0.307714286,20.88571429,0.050714286,7.528571429,19.74928571
-2.202344198,-0.240945976,-0.452160199,-2.015296552,0.409428571,24.31428571,0.256428571,4.385714286,2.477857143
-0.932434705,-0.132831149,-0.212405849,-0.831883368,0.394571429,27.17142857,0.409285714,0.3,7.213571429
-4.793469555,0.131407888,0.278170462,-4.834318686,0.492285714,38.88571429,0.099285714,3.414285714,1.307857143
-0.908921776,-0.247375446,-0.426154002,-0.739445184,0.351142857,34.71428571,0.123571429,1.071428571,7.603571429
-0.515128622,0.009688659,0.062039096,-0.504828178,0.431142857,24.25714286,0.442142857,5.757142857,14.01071429
-1.13085142,0.146426885,0.338228721,-1.205909855,0.469428571,32.94285714,0.486428571,3.871428571,6.043571429
-1.184938094,-0.1787685,-0.303133013,-1.053118748,0.391142857,29.62857143,0.385,3.957142857,5.375
-0.807377908,-0.099752176,-0.148562205,-0.728325497,0.400285714,37.0,0.497857143,7.242857143,8.550714286
-0.688273858,-0.00533388,0.033597682,-0.668186721,0.428285714,26.54285714,0.293571429,2.985714286,10.16642857
-0.985337369,0.109842238,0.263291505,-1.037019695,0.461428571,29.28571429,0.033571429,7.214285714,6.935
-1.201591575,-0.003483628,0.033295002,-1.178592681,0.437428571,20.71428571,0.149285714,3.214285714,5.430714286
-0.894567421,0.273699365,0.616394084,-1.057306413,0.496857143,27.45714286,0.279285714,2.814285714,8.105
-0.418346396,0.083955226,0.208868852,-0.453585995,0.460285714,27.74285714,0.325,5.728571429,17.29785714
-1.767294844,-0.329415965,-0.60180027,-1.53376008,0.374571429,34.37142857,0.375,9.985714286,3.146428571
-0.705839831,-0.177031852,-0.293786887,-0.580998748,0.363714286,21.8,0.127857143,2.214285714,10.33357143
-0.375712277,0.052718312,0.144914296,-0.391274809,0.449428571,24.37142857,0.233571429,8.7,19.52642857
-2.126172863,-0.602129479,-1.119852805,-1.719289346,0.320285714,23.62857143,0.155,4.271428571,2.199285714
-0.89011302,0.129303521,0.303961038,-0.954964002,0.466,35.05714286,0.405,9.785714286,7.770714286
-0.579678593,-0.184562577,-0.308053153,-0.451572734,0.346,33.8,0.073571429,5.185714286,13.45357143
-0.72447717,-0.115605803,-0.178250248,-0.636542801,0.390571429,25.34285714,0.250714286,3.271428571,9.776428571
-1.080089226,0.132841089,0.310233574,-1.146396636,0.466571429,29.0,0.069285714,2.957142857,6.322142857
-0.811536985,-0.096917953,-0.143197154,-0.734176047,0.401428571,22.65714286,0.216428571,6.757142857,8.495
-0.378300067,0.001858424,0.044516092,-0.363011198,0.426571429,35.0,0.336428571,8.614285714,19.805
-1.807893527,-0.096898716,-0.161901467,-1.718129719,0.428857143,25.51428571,0.175,9.557142857,3.313571429
-0.703398587,0.10009033,0.244101507,-0.749749908,0.459714286,36.2,0.352142857,7.414285714,9.943571429
-0.780242146,0.002748427,0.049332565,-0.764676584,0.432285714,36.02857143,0.186428571,0.728571429,8.829285714
-1.129750446,-0.353073462,-0.624188258,-0.893845892,0.327714286,31.22857143,0.235,7.585714286,5.765
-1.224765336,-0.107487697,-0.168920091,-1.136236763,0.412285714,38.71428571,0.203571429,1.271428571,5.207857143
-3.067217385,-0.891776698,-1.742625829,-2.446739187,0.319714286,36.88571429,0.363571429,6.471428571,1.029285714
-0.717505489,0.087904432,0.219266921,-0.756020447,0.456285714,36.08571429,0.219285714,8.328571429,9.720714286
-0.673642897,0.257768198,0.583112038,-0.824879047,0.499714286,23.57142857,0.146428571,6.728571429,10.835
-1.477872179,-0.440551765,-0.793605943,-1.183497563,0.324285714,33.45714286,0.010714286,7.157142857,3.926428571
-0.396601314,-0.015432952,0.011264985,-0.370943185,0.418571429,33.91428571,0.262142857,1.242857143,18.96928571
-0.574507948,-0.203660198,-0.343827673,-0.435032319,0.334,21.45714286,0.217857143,7.014285714,13.84357143
-0.741259317,-0.13279778,-0.210796014,-0.642747537,0.384857143,32.25714286,0.472142857,1.414285714,9.553571429
-0.415136372,-0.110094593,-0.169358638,-0.332835915,0.367714286,22.77142857,0.349285714,7.842857143,19.415
-5.418416115,-0.151130803,-0.350696525,-5.250379088,0.471142857,24.6,0.265,3.814285714,0.973571429
-1.140873305,-0.311327055,-0.547978209,-0.929711417,0.344857143,32.02857143,0.295,8.557142857,5.653571429
-0.469097269,-0.056011249,-0.065795912,-0.418906722,0.402,21.85714286,0.229285714,0.757142857,16.01642857
-2.568122723,-0.221294273,-0.427237141,-2.38727834,0.422,34.6,0.030714286,2.185714286,2.087857143
-0.422683618,0.146375665,0.338865377,-0.49733273,0.482,34.65714286,0.470714286,9.871428571,17.13071429
-0.481598594,-0.083371356,-0.117894629,-0.414892693,0.389428571,32.14285714,0.243571429,0.271428571,15.79357143
-0.578526826,-0.196146874,-0.329747041,-0.443503143,0.339142857,35.17142857,0.085,8.528571429,13.62071429
-0.976820755,-0.152948238,-0.250915134,-0.863489189,0.39,28.71428571,0.139285714,3.5,6.823571429
-1.454106935,-0.054251074,-0.070605365,-1.396067113,0.430571429,29.34285714,0.386428571,9.528571429,4.316428571
-0.398505355,0.07295313,0.186146059,-0.42672819,0.456857143,35.22857143,0.395,4.414285714,18.245
-0.419904309,-0.120908994,-0.189721884,-0.331142717,0.361428571,22.25714286,0.056428571,1.957142857,19.35928571
-0.963883941,-0.218387792,-0.373095975,-0.811102212,0.366571429,35.28571429,0.337857143,4.642857143,6.990714286
-0.466445434,-0.030960793,-0.017647587,-0.431395697,0.413428571,23.4,0.339285714,7.471428571,15.905
-1.20434064,-0.189316438,-0.323341012,-1.065809807,0.388857143,26.02857143,0.297857143,8.9,5.263571429
-0.44516926,-0.20444186,-0.346505991,-0.306550605,0.303714286,30.82857143,0.043571429,1.557142857,19.97214286
-1.269669961,0.13607813,0.31544377,-1.336976701,0.467714286,20.2,0.122142857,4.814285714,5.319285714
